Screen Space Collision Detection;ms
0;36,5213
1;7,2375
2;5,4019
3;1,9281
4;2,0284
5;1,5393
6;1,4718
7;1,4866
8;4,4641
9;4,884
10;5,0516
11;4,4751
12;4,4441
13;5,2423
14;4,5111
15;4,7393
16;4,7827
17;5,1839
18;4,3998
19;4,6112
20;5,1272
21;4,4225
22;4,421
23;4,7722
24;4,6015
25;4,7651
26;4,8325
27;5,0591
28;4,2037
29;4,5618
30;4,9084
31;4,8777
32;4,4526
33;4,5723
34;5,1035
35;4,4142
36;4,637
37;4,5992
38;5,0263
39;4,4326
40;4,6167
41;4,7037
42;4,1485
43;4,3859
44;4,1019
45;4,3641
46;4,2915
47;4,3415
48;4,1452
49;4,4401
50;4,1288
51;4,2372
52;4,2483
53;4,474
54;4,0081
55;4,5461
56;4,0838
57;4,3172
58;4,1519
59;4,1744
60;4,4978
61;4,347
62;4,2313
63;4,0795
64;4,2467
65;4,5667
66;4,1093
67;4,1041
68;4,1136
69;4,5423
70;4,0016
71;4,5062
72;4,2423
73;4,4832
74;3,9867
75;4,3952
76;3,946
77;4,5577
78;4,2183
79;4,1978
80;4,397
81;3,7134
82;3,8104
83;3,9949
84;3,6212
85;4,3149
86;3,8719
87;3,7683
88;3,7276
89;4,2467
90;3,788
91;3,7682
92;4,009
93;4,0677
94;3,8674
95;3,5605
96;3,9473
97;3,9087
98;4,2151
99;3,4941
100;3,7986
101;3,8541
102;4,1943
103;3,6956
104;4,1458
105;3,699
106;4,0705
107;3,7715
108;3,7386
109;3,771
110;4,0888
111;3,9596
112;3,8504
113;3,8143
114;3,9388
115;3,9984
116;3,9005
117;3,7737
118;3,6631
119;4,217
120;3,7058
121;3,9777
122;3,5993
123;4,3166
124;3,2769
125;3,5214
126;3,7684
127;3,2693
128;4,0348
129;3,2735
130;3,6635
131;3,4151
132;3,6816
133;4,0845
134;2,916
135;3,7002
136;3,7322
137;3,8339
138;3,4164
139;3,3442
140;3,7069
141;3,2827
142;4,0702
143;3,4955
144;3,3868
145;3,6281
146;3,4124
147;3,8923
148;3,3981
149;3,8846
150;3,381
151;3,5605
152;3,6018
153;3,5884
154;3,5928
155;3,3358
156;3,7283
157;3,6889
158;3,3661
159;3,6156
160;3,712
161;3,8857
162;3,0895
163;3,7759
164;3,2532
165;3,9596
166;3,694
167;3,3383
168;3,551
169;3,3882
170;3,9987
171;3,4601
172;3,4542
173;3,4566
174;3,6629
175;3,464
176;3,979
177;3,2423
178;3,5395
179;4,0127
180;3,2081
181;3,3661
182;3,6746
183;3,6845
184;3,5245
185;3,6052
186;3,6796
187;3,4955
188;3,7558
189;3,6967
190;3,0566
191;3,653
192;3,4224
193;3,7634
194;3,7324
195;3,3739
196;3,5319
197;3,4982
198;3,6921
199;3,7139
200;3,5346
201;3,2533
202;3,6614
203;3,7342
204;3,3539
205;3,8644
206;3,2823
207;3,4976
208;3,7083
209;3,8577
210;3,3011
211;3,4907
212;3,6513
213;3,5574
214;3,3775
215;3,7161
216;3,7998
217;3,6805
218;3,3638
219;3,2256
220;3,8702
221;3,3987
222;3,9173
223;3,3548
224;3,4826
225;3,68
226;3,5767
227;3,7534
228;3,4517
229;3,4016
230;3,8054
231;3,8495
232;3,2726
233;3,5596
234;3,4199
235;3,4963
236;3,7532
237;3,599
238;3,3671
239;3,6165
240;3,9494
241;3,4245
242;3,4588
243;3,5235
244;3,9246
245;3,674
246;3,4508
247;3,4766
248;3,6067
249;3,6936
250;3,5715
251;3,5562
252;3,5616
253;3,9351
254;3,4143
255;3,4282
256;3,5105
257;3,313
258;3,9031
259;3,5093
260;3,3785
261;3,8617
262;3,3417
263;3,78
264;3,5015
265;3,7627
266;3,4532
267;3,5815
268;3,5605
269;3,7084
270;3,6061
271;3,2491
272;3,7174
273;3,6984
274;3,6399
275;3,412
276;3,2937
277;4,1632
278;3,391
279;3,4341
280;3,6996
281;3,5317
282;3,9788
283;3,4854
284;3,5117
285;3,4143
286;3,7605
287;3,5343
288;3,7906
289;3,2492
290;3,5995
291;4,0497
292;3,4069
293;3,5938
294;3,5282
295;3,3752
296;3,8385
297;3,3634
298;3,3596
299;3,7572
300;4,0099
301;3,2472
302;3,4451
303;3,654
304;3,3305
305;4,0468
306;3,4404
307;3,3446
308;3,7271
309;3,8379
310;3,2957
311;3,7697
312;3,5571
313;3,4015
314;3,9388
315;3,3079
316;3,4682
317;3,6593
318;3,3643
319;4,0477
320;3,4679
321;3,33
322;3,8352
323;3,5474
324;3,8678
325;3,2027
326;3,5485
327;3,4539
328;3,9855
329;3,4293
330;3,3728
331;3,5392
332;3,754
333;3,7424
334;3,3615
335;3,4836
336;3,7299
337;3,2627
338;3,9922
339;3,5857
340;3,2789
341;3,4677
342;3,87
343;3,5655
344;3,5038
345;3,3324
346;3,6566
347;3,7086
348;3,6869
349;3,3616
350;3,7857
351;3,527
352;3,8564
353;3,6546
354;3,0441
355;3,5131
356;4,1715
357;3,2909
358;3,6673
359;3,5229
360;3,3489
361;4,0212
362;3,4158
363;3,3523
364;3,5788
365;3,7146
366;3,4991
367;3,8278
368;3,2002
369;3,5794
370;3,9361
371;3,5987
372;3,4812
373;3,4487
374;3,352
375;3,7895
376;3,5519
377;3,5517
378;3,6811
379;3,4906
380;3,7953
381;3,3514
382;3,5788
383;3,3384
384;4,2191
385;3,3805
386;3,3719
387;3,3839
388;3,7734
389;4,0812
390;3,1272
391;3,5662
392;3,5675
393;3,624
394;3,6681
395;3,7516
396;3,1732
397;3,8238
398;3,7762
399;3,5241
400;3,5411
401;3,5036
402;3,3855
403;3,8988
404;3,5659
405;3,2539
406;3,857
407;3,5211
408;3,6287
409;3,4365
410;3,7889
411;3,5243
412;3,5651
413;3,5345
414;3,7332
415;3,4413
416;3,3677
417;3,6958
418;3,5761
419;3,6789
420;3,4177
421;3,738
422;3,8586
423;3,4567
424;3,3662
425;3,4213
426;3,7638
427;3,7699
428;3,5247
429;3,3476
430;3,4447
431;3,8897
432;3,696
433;3,2806
434;3,6868
435;3,4801
436;3,7753
437;3,5028
438;3,5355
439;3,5723
440;3,87
441;3,5907
442;3,2336
443;3,611
444;3,4019
445;3,9764
446;3,4498
447;3,3049
448;3,6557
449;3,6569
450;3,5436
451;3,8656
452;3,4754
453;3,4348
454;3,8282
455;3,7478
456;3,2966
457;3,5797
458;3,6891
459;3,6551
460;3,2801
461;3,4805
462;3,7198
463;3,4458
464;3,6749
465;3,5492
466;3,3828
467;3,9043
468;3,4068
469;3,6439
470;3,4639
471;3,5362
472;3,7897
473;3,5491
474;3,7516
475;3,2631
476;3,6353
477;3,6003
478;3,4447
479;3,9445
480;3,4337
481;3,6378
482;3,3383
483;3,5799
484;3,6556
485;3,4349
486;3,7788
487;3,6481
488;3,5363
489;3,1114
490;3,9319
491;3,5231
492;3,6362
493;3,5344
494;3,4747
495;3,6319
496;3,7845
497;3,527
498;3,4987
499;3,6757
500;3,4018
501;3,805
502;3,4516
503;3,5188
504;3,5269
505;3,7602
506;3,4611
507;3,6563
508;3,3869
509;3,8178
510;3,4182
511;3,7159
512;3,6636
513;3,3813
514;3,4193
515;3,8426
516;3,3704
517;3,672
518;3,5284
519;3,8432
520;3,2023
521;3,7704
522;3,608
523;3,6406
524;3,6275
525;3,3701
526;3,4076
527;3,6727
528;3,7453
529;3,6769
530;3,4166
531;3,2954
532;3,725
533;3,8069
534;3,5987
535;3,368
536;3,5861
537;3,8756
538;3,6405
539;3,5007
540;3,2024
541;3,7191
542;3,5616
543;3,6992
544;3,7086
545;3,255
546;3,5526
547;3,7709
548;3,5649
549;3,633
550;3,4617
551;3,9787
552;3,6726
553;3,0912
554;3,6392
555;3,7217
556;3,3998
557;4,1454
558;3,0399
559;3,7816
560;3,4897
561;3,7733
562;3,4796
563;3,5349
564;3,465
565;3,7497
566;3,5731
567;3,5365
568;3,6551
569;3,5622
570;3,6268
571;3,437
572;3,6117
573;3,4406
574;3,7708
575;3,764
576;3,4906
577;3,4165
578;3,7054
579;3,494
580;3,7644
581;3,4085
582;3,5793
583;3,3306
584;4,1855
585;3,2744
586;3,3751
587;3,4863
588;3,5277
589;3,9573
590;3,4185
591;3,3972
592;3,7036
593;6,7789
594;2,1728
595;2,0781
596;3,3152
597;3,5237
598;4,0352
599;3,3095
600;3,2963
601;3,6481
602;3,767
603;3,6602
604;3,393
605;3,6123
606;3,4714
607;3,83
608;3,8028
609;3,5485
610;3,3565
611;3,509
612;3,8072
613;3,4399
614;3,4557
615;3,413
616;3,7573
617;3,8759
618;3,4627
619;3,467
620;3,3415
621;4,0383
622;3,6067
623;3,1863
624;3,8178
625;3,5302
626;3,645
627;3,3502
628;3,6258
629;3,6228
630;3,485
631;3,7265
632;3,5192
633;3,3407
634;3,6299
635;3,6996
636;3,7982
637;3,3535
638;3,8028
639;3,4529
640;3,9564
641;3,4499
642;3,3185
643;3,3701
644;3,5953
645;3,9203
646;3,3167
647;3,8227
648;3,2722
649;3,8365
650;3,7253
651;3,3831
652;3,575
653;3,3598
654;3,731
655;3,6509
656;3,4661
657;3,5432
658;3,571
659;3,7676
660;3,1697
661;3,758
662;3,4823
663;3,8453
664;3,6997
665;3,1492
666;3,6083
667;3,6276
668;3,6911
669;3,6759
670;3,3205
671;3,484
672;3,6099
673;3,7027
674;3,6868
675;3,4095
676;3,3683
677;3,6452
678;3,7976
679;3,4521
680;3,7651
681;3,5258
682;3,8142
683;3,3859
684;3,7224
685;3,3788
686;3,4963
687;3,863
688;3,3256
689;3,5159
690;3,5459
691;3,8976
692;3,7218
693;3,2246
694;3,6345
695;3,5265
696;3,9508
697;3,5184
698;3,1383
699;3,5463
700;3,6803
701;3,7498
702;3,5949
703;3,5204
704;3,2669
705;3,6667
706;3,7043
707;3,6956
708;3,5739
709;3,4863
710;3,8886
711;3,3273
712;3,4471
713;3,7479
714;3,5095
715;3,5666
716;3,5937
717;3,4695
718;3,5386
719;3,9924
720;3,5432
721;3,2556
722;3,5329
723;3,646
724;3,7287
725;3,5376
726;3,4459
727;3,6093
728;3,7538
729;3,5667
730;3,6763
731;3,3766
732;3,345
733;3,6708
734;3,6804
735;3,7905
736;3,647
737;3,2731
738;4,0267
739;3,3038
740;3,6425
741;3,4415
742;3,7027
743;3,7737
744;3,5029
745;3,5788
746;3,3271
747;3,7266
748;3,6862
749;3,29
750;3,6786
751;3,3276
752;4,1083
753;3,3085
754;3,6213
755;3,1947
756;3,6555
757;3,9652
758;3,4768
759;3,4267
760;3,5059
761;3,5994
762;3,7931
763;3,4855
764;3,6841
765;3,3929
766;3,9402
767;3,2921
768;3,4926
769;3,4377
770;4,0569
771;3,6651
772;3,08
773;3,6934
774;3,5019
775;3,7605
776;3,6201
777;3,2603
778;3,7966
779;3,8989
780;3,356
781;3,5796
782;3,5514
783;3,3112
784;4,0006
785;3,765
786;3,2037
787;3,6434
788;3,4029
789;3,544
790;3,5051
791;3,6582
792;3,749
793;3,4588
794;3,9455
795;3,2974
796;3,7247
797;3,4773
798;3,781
799;3,6849
800;3,1871
801;3,6491
802;3,4432
803;3,7386
804;3,5413
805;3,5331
806;3,6007
807;3,5602
808;3,8447
809;3,4736
810;3,3632
811;3,5276
812;3,6777
813;3,9085
814;3,3873
815;3,567
816;3,4089
817;3,8389
818;3,6866
819;3,4739
820;3,5083
821;3,2961
822;4,0017
823;3,2223
824;3,756
825;3,6187
826;3,5174
827;4,0415
828;3,2682
829;3,6642
830;3,3215
831;3,9875
832;3,4173
833;3,5855
834;3,5158
835;3,5413
836;3,8483
837;3,4421
838;3,3368
839;3,7419
840;3,3534
841;3,9313
842;3,7012
843;3,3069
844;3,4733
845;4,0619
846;3,3363
847;3,3916
848;3,5613
849;3,5755
850;3,6971
851;3,6356
852;3,495
853;3,7952
854;3,4697
855;3,6884
856;3,5072
857;3,4502
858;3,5444
859;3,8082
860;3,2886
861;3,6055
862;3,591
863;3,7167
864;3,8295
865;3,4616
866;3,3765
867;3,4689
868;3,6884
869;3,7943
870;3,5938
871;3,3757
872;3,5632
873;3,8911
874;3,5357
875;3,5691
876;3,3925
877;3,8025
878;3,4464
879;3,8113
880;3,5562
881;3,4371
882;3,8551
883;3,3785
884;3,5047
885;3,6669
886;3,668
887;3,7333
888;3,3716
889;3,294
890;3,8483
891;3,8854
892;3,321
893;3,6304
894;3,4887
895;3,4505
896;3,9989
897;3,3391
898;3,4728
899;3,5321
900;3,5121
901;3,8286
902;3,5399
903;3,5118
904;3,7848
905;3,6122
906;3,2457
907;3,6247
908;3,4844
909;3,5664
910;4,0386
911;3,2808
912;3,6056
913;3,3421
914;3,9508
915;3,8003
916;3,3007
917;3,5476
918;3,4663
919;3,8789
920;3,665
921;3,3196
922;3,3907
923;3,6839
924;3,7432
925;3,6206
926;3,4262
927;3,4193
928;3,6997
929;4,0325
930;3,0824
931;3,8247
932;3,4148
933;3,4633
934;3,8768
935;3,6647
936;3,3406
937;3,5462
938;3,8181
939;3,6762
940;3,2113
941;3,7832
942;3,334
943;3,6674
944;3,6736
945;3,4771
946;3,5024
947;3,7028
948;3,8752
949;3,5348
950;3,5783
951;3,3842
952;3,8286
953;3,5501
954;3,522
955;3,4466
956;3,4119
957;3,9035
958;3,5317
959;3,797
960;3,3405
961;3,5133
962;3,6935
963;3,1996
964;3,6038
965;3,4393
966;4,0164
967;3,5802
968;3,3819
969;3,5799
970;3,7366
971;3,6043
972;3,2849
973;3,6514
974;3,4611
975;3,7702
976;3,8426
977;3,3603
978;3,405
979;3,6304
980;3,7135
981;3,7575
982;3,2932
983;3,3895
984;4,2326
985;3,4761
986;3,1332
987;3,7795
988;3,4981
989;3,7118
990;3,4172
991;3,5488
992;3,4121
993;3,8204
994;3,743
995;3,2468
996;3,5409
997;3,6328
998;3,8311
999;3,8086
1000;3,1664
1001;3,5054
1002;3,426
1003;3,6449
1004;3,9492
1005;3,3542
1006;3,6359
1007;3,6841
1008;3,6068
1009;3,4701
1010;3,5605
1011;3,2641
1012;3,945
1013;3,7634
1014;3,1677
1015;3,6409
1016;3,4878
1017;4,0346
1018;3,2635
1019;3,6643
1020;3,5985
1021;3,3717
1022;3,9949
1023;3,4054
1024;3,4291
1025;3,4021
1026;3,9089
1027;3,8247
1028;3,3576
1029;3,4137
1030;3,3972
1031;3,8472
1032;3,6775
1033;3,2862
1034;3,7927
1035;3,1311
1036;4,2334
1037;3,6048
1038;3,5239
1039;3,308
1040;3,5795
1041;3,9619
1042;3,3971
1043;3,4962
1044;3,4394
1045;3,8783
1046;3,5469
1047;3,1469
1048;3,9157
1049;3,3736
1050;3,6025
1051;3,5555
1052;3,5409
1053;3,6562
1054;3,6534
1055;3,7607
1056;3,3296
1057;3,4256
1058;3,4223
1059;3,9647
1060;3,6358
1061;3,3483
1062;3,4548
1063;3,6696
1064;3,6157
1065;3,4723
1066;3,5871
1067;3,5574
1068;3,6935
1069;3,9588
1070;3,0706
1071;3,7917
1072;3,3204
1073;3,8392
1074;3,4546
1075;3,4855
1076;3,9492
1077;3,4337
1078;3,4666
1079;3,6796
1080;3,5087
1081;3,4068
1082;3,921
1083;3,7999
1084;3,192
1085;3,6863
1086;3,2638
1087;3,9254
1088;3,6266
1089;3,3755
1090;3,5087
1091;3,5743
1092;3,815
1093;3,7636
1094;3,4906
1095;3,4386
1096;3,672
1097;3,8642
1098;3,4096
1099;3,4369
1100;3,5345
1101;4,0572
1102;3,3493
1103;3,6505
1104;3,4353
1105;3,5633
1106;3,6411
1107;3,7242
1108;3,3197
1109;3,8121
1110;3,7447
1111;3,4385
1112;3,573
1113;3,1767
1114;3,7691
1115;3,8934
1116;3,3964
1117;3,6012
1118;3,6531
1119;3,4287
1120;3,8456
1121;3,4851
1122;3,4346
1123;3,3548
1124;3,9365
1125;3,4492
1126;3,527
1127;3,6818
1128;3,4846
1129;4,0081
1130;3,3238
1131;3,6321
1132;3,5101
1133;3,5902
1134;3,456
1135;3,6547
1136;3,4708
1137;3,5133
1138;4,0897
1139;3,3637
1140;3,3493
1141;3,4786
1142;3,8196
1143;3,9837
1144;3,2213
1145;3,5518
1146;3,3998
1147;3,9272
1148;3,3338
1149;3,6075
1150;3,5083
1151;3,5855
1152;3,7639
1153;3,417
1154;3,7993
1155;3,3961
1156;3,591
1157;3,8161
1158;3,2823
1159;3,5424
1160;3,575
1161;3,7548
1162;3,501
1163;3,6526
1164;3,6418
1165;3,3228
1166;4,107
1167;3,2974
1168;3,7411
1169;3,5519
1170;3,4572
1171;3,736
1172;3,3959
1173;3,782
1174;3,1184
1175;3,7858
1176;3,474
1177;3,7369
1178;3,3826
1179;3,5069
1180;3,8689
1181;3,4444
1182;3,7756
1183;3,3045
1184;3,8846
1185;3,7198
1186;3,4595
1187;3,4488
1188;3,5928
1189;3,6097
1190;3,5037
1191;3,6168
1192;3,4839
1193;3,3898
1194;3,9465
1195;3,4763
1196;3,7349
1197;3,3128
1198;3,5571
1199;4,3467
1200;3,2879
1201;3,2852
1202;3,6632
1203;3,3468
1204;3,6436
1205;3,904
1206;3,4263
1207;3,3143
1208;4,2821
1209;3,2761
1210;3,5793
1211;3,5232
1212;3,6428
1213;3,7428
1214;3,3883
1215;3,4339
1216;3,6487
1217;3,6388
1218;3,5355
1219;3,3735
1220;3,6797
1221;3,7024
1222;3,7894
1223;3,3304
1224;3,8759
1225;3,3945
1226;3,3745
1227;3,8307
1228;3,3663
1229;3,7095
1230;3,1205
1231;3,8179
1232;3,8354
1233;3,4796
1234;3,5809
1235;3,259
1236;4,049
1237;3,5033
1238;3,711
1239;3,4484
1240;3,4978
1241;3,768
1242;3,1335
1243;3,7645
1244;3,5675
1245;3,3371
1246;3,6423
1247;3,8986
1248;3,3334
1249;3,7113
1250;3,6375
1251;3,3501
1252;3,6407
1253;3,5696
1254;3,6965
1255;3,7875
1256;3,3214
1257;3,5421
1258;3,2851
1259;3,8707
1260;3,8409
1261;3,4226
1262;3,5575
1263;3,293
1264;4,1493
1265;3,398
1266;3,5486
1267;3,3573
1268;3,9546
1269;3,6905
1270;3,3294
1271;3,6831
1272;3,3052
1273;3,6997
1274;3,4987
1275;3,3884
1276;3,5028
1277;3,9382
1278;3,6351
1279;3,5705
1280;3,1911
1281;3,6462
1282;3,7219
1283;3,8048
1284;3,3042
1285;3,5298
1286;3,6964
1287;3,3246
1288;3,6145
1289;3,8441
1290;3,5231
1291;3,4365
1292;4,0294
1293;3,3127
1294;3,5721
1295;3,5678
1296;3,4082
1297;3,8796
1298;3,3092
1299;3,6902
1300;3,5878
1301;3,49
1302;6,9449
1303;1,9779
1304;1,9764
1305;3,5188
1306;3,5009
1307;3,5267
1308;3,476
1309;3,6005
1310;3,7324
1311;3,7648
1312;3,3473
1313;3,4604
1314;3,3855
1315;4,0481
1316;3,6448
1317;3,346
1318;3,4111
1319;3,7697
1320;3,651
1321;3,3351
1322;3,892
1323;3,3599
1324;3,6472
1325;3,7189
1326;3,4189
1327;3,484
1328;3,7503
1329;3,8685
1330;3,4618
1331;3,3093
1332;3,5983
1333;3,6767
1334;3,8443
1335;3,3897
1336;3,3948
1337;3,4093
1338;3,7007
1339;3,947
1340;3,3715
1341;3,4808
1342;3,3663
1343;3,9285
1344;3,7442
1345;3,3001
1346;3,4995
1347;3,5845
1348;3,6682
1349;3,767
1350;3,4724
1351;3,6399
1352;3,778
1353;3,6423
1354;3,1022
1355;3,5413
1356;3,7895
1357;3,6904
1358;3,5841
1359;3,2722
1360;3,5809
1361;3,8848
1362;3,5106
1363;3,5789
1364;3,4078
1365;3,726
1366;3,5951
1367;3,7268
1368;3,7596
1369;3,267
1370;3,5713
1371;3,6898
1372;3,7825
1373;3,3363
1374;3,6914
1375;3,2653
1376;3,9063
1377;3,2811
1378;3,8301
1379;3,5712
1380;3,5983
1381;3,6098
1382;3,5843
1383;3,4178
1384;3,8232
1385;3,5725
1386;3,4853
1387;3,5329
1388;3,4437
1389;3,5504
1390;3,7004
1391;3,4633
1392;3,7071
1393;3,4039
1394;3,8519
1395;3,5
1396;3,3672
1397;3,4371
1398;3,6092
1399;4,0418
1400;3,5094
1401;3,2949
1402;3,4385
1403;3,9013
1404;3,7355
1405;3,0788
1406;3,8472
1407;3,4613
1408;3,9399
1409;3,4849
1410;3,1444
1411;3,5874
1412;3,4853
1413;4,0688
1414;3,384
1415;3,4574
1416;3,8337
1417;3,4975
1418;3,8421
1419;3,2904
1420;3,2853
1421;3,6332
1422;3,8022
1423;3,6312
1424;3,3897
1425;3,5142
1426;3,3672
1427;4,1673
1428;3,4252
1429;3,4254
1430;3,5099
1431;3,935
1432;3,4761
1433;3,6102
1434;3,3655
1435;3,502
1436;3,9579
1437;3,3167
1438;3,3679
1439;3,6101
1440;3,7418
1441;3,5033
1442;3,6785
1443;3,4348
1444;3,631
1445;3,771
1446;3,7373
1447;3,275
1448;3,7493
1449;3,367
1450;3,658
1451;3,6616
1452;3,2692
1453;3,4346
1454;3,5165
1455;4,1261
1456;3,5348
1457;3,3869
1458;3,3568
1459;3,9956
1460;3,7394
1461;3,3438
1462;3,4656
1463;3,4148
1464;3,7905
1465;3,5377
1466;3,4638
1467;3,6069
1468;3,3937
1469;4,4595
1470;3,28
1471;3,157
1472;3,7266
1473;3,5693
1474;3,6139
1475;3,8314
1476;3,1582
1477;3,4636
1478;4,0451
1479;3,5355
1480;3,4233
1481;3,4882
1482;3,309
1483;3,9386
1484;3,8469
1485;3,2231
1486;3,6039
1487;3,8185
1488;3,638
1489;3,172
1490;3,8128
1491;3,3245
1492;4,0609
1493;3,3559
1494;3,2692
1495;3,7189
1496;3,5179
1497;3,7543
1498;3,5033
1499;3,6076
1500;3,4961
1501;3,6939
1502;3,9142
1503;3,0306
1504;3,4982
1505;4,0671
1506;3,5579
1507;3,4083
1508;3,3838
1509;3,8772
1510;3,1628
1511;3,9162
1512;3,6126
1513;3,2969
1514;3,8845
1515;3,4324
1516;3,5724
1517;3,8172
1518;3,537
1519;3,4663
1520;3,6387
1521;3,4763
1522;3,6855
1523;3,5118
1524;3,3699
1525;4,0404
1526;3,55
1527;3,2323
1528;3,7939
1529;3,6793
1530;3,571
1531;3,5745
1532;3,449
1533;3,5273
1534;3,9313
1535;3,4193
1536;3,3128
1537;3,63
1538;3,4076
1539;3,9986
1540;3,5019
1541;3,3167
1542;3,5532
1543;3,7143
1544;3,9178
1545;3,3008
1546;3,6173
1547;3,418
1548;3,9573
1549;3,342
1550;3,4718
1551;3,6876
1552;3,6573
1553;3,4707
1554;3,5298
1555;3,4819
1556;3,5932
1557;3,837
1558;3,5701
1559;3,4442
1560;3,3704
1561;3,7311
1562;3,7695
1563;3,5033
1564;3,5623
1565;3,5932
1566;3,4629
1567;3,7583
1568;3,8388
1569;3,1889
1570;3,6865
1571;3,6198
1572;3,5613
1573;3,3925
1574;3,8202
1575;3,4472
1576;3,5688
1577;3,6361
1578;3,5907
1579;3,3795
1580;3,6992
1581;3,6548
1582;3,4778
1583;3,728
1584;3,4751
1585;3,6581
1586;3,7068
1587;3,4278
1588;3,4066
1589;3,7441
1590;3,7945
1591;3,4616
1592;3,9314
1593;3,246
1594;3,3262
1595;3,7774
1596;3,7375
1597;3,3428
1598;3,4584
1599;3,8999
1600;3,8562
1601;3,3439
1602;3,1711
1603;3,7668
1604;3,7822
1605;3,4669
1606;3,5079
1607;3,5019
1608;3,8939
1609;3,7325
1610;3,37
1611;3,3998
1612;3,3913
1613;4,0822
1614;3,2169
1615;3,7066
1616;3,7415
1617;3,4523
1618;3,8414
1619;3,575
1620;3,308
1621;3,5907
1622;3,6849
1623;3,7109
1624;3,3019
1625;3,6268
1626;3,4106
1627;3,953
1628;3,3377
1629;3,8238
1630;3,3071
1631;3,8152
1632;3,7162
1633;3,2286
1634;3,5911
1635;3,3551
1636;3,747
1637;3,7864
1638;3,4801
1639;3,6486
1640;3,39
1641;3,862
1642;3,4861
1643;3,5617
1644;3,488
1645;3,6223
1646;3,8825
1647;3,2892
1648;3,7583
1649;3,4305
1650;3,3616
1651;3,6573
1652;3,9003
1653;3,45
1654;3,5344
1655;3,8154
1656;3,3433
1657;4,8378
1658;2,497
1659;3,248
1660;3,8782
1661;3,3993
1662;3,5808
1663;3,5185
1664;3,6536
1665;3,4363
1666;3,7958
1667;3,4349
1668;3,3315
1669;4,119
1670;3,4899
1671;3,3249
1672;3,6735
1673;3,5724
1674;3,8401
1675;3,2694
1676;3,6575
1677;3,2024
1678;4,0058
1679;3,5567
1680;3,5803
1681;3,5418
1682;3,421
1683;3,8665
1684;3,3748
1685;3,6996
1686;3,3134
1687;3,7086
1688;3,7295
1689;3,2509
1690;3,7128
1691;3,621
1692;3,7168
1693;3,2721
1694;3,6446
1695;3,5986
1696;3,6946
1697;3,7019
1698;3,3197
1699;3,5836
1700;3,4342
1701;3,7426
1702;3,8529
1703;3,3525
1704;3,6459
1705;3,3305
1706;3,8854
1707;3,3492
1708;3,5848
1709;3,8062
1710;3,0894
1711;4,0185
1712;3,3006
1713;3,8972
1714;3,3902
1715;3,4958
1716;3,8369
1717;3,4273
1718;3,658
1719;3,538
1720;3,8396
1721;3,2785
1722;3,5341
1723;3,5764
1724;3,4796
1725;3,8374
1726;3,253
1727;3,9278
1728;3,2915
1729;3,9304
1730;3,6064
1731;3,4657
1732;3,5457
1733;3,3514
1734;3,8031
1735;3,6784
1736;3,5694
1737;3,3801
1738;3,5057
1739;4,0916
1740;3,0136
1741;3,6387
1742;3,451
1743;3,7244
1744;3,8795
1745;3,3331
1746;3,6452
1747;3,527
1748;3,6659
1749;3,5078
1750;3,5588
1751;3,4011
1752;3,6627
1753;3,8745
1754;3,402
1755;3,3959
1756;3,5859
1757;3,9221
1758;3,5586
1759;3,4222
1760;3,6767
1761;3,4292
1762;3,6168
1763;3,5199
1764;3,8053
1765;3,4643
1766;3,5421
1767;3,5547
1768;3,6333
1769;3,7886
1770;3,3061
1771;3,6263
1772;3,9337
1773;3,0134
1774;3,658
1775;3,7137
1776;3,5952
1777;3,4219
1778;3,6514
1779;3,4695
1780;3,7531
1781;3,634
1782;3,2433
1783;3,7746
1784;3,7386
1785;3,4489
1786;3,762
1787;3,4368
1788;3,4621
1789;3,4916
1790;3,8113
1791;3,6785
1792;3,5059
1793;3,4438
1794;3,6749
1795;3,7623
1796;3,5299
1797;3,6238
1798;3,519
1799;3,3398
1800;3,6741
1801;3,5299
1802;3,3944
1803;3,7704
1804;3,6393
1805;3,4882
1806;3,567
1807;3,3343
1808;4,0873
1809;3,4093
1810;3,4295
1811;3,6457
1812;3,4463
1813;3,5879
1814;4,0881
1815;3,4903
1816;3,2698
1817;3,5392
1818;3,8277
1819;3,6931
1820;3,1918
1821;3,6236
1822;3,7888
1823;3,4678
1824;3,7939
1825;3,5022
1826;3,4491
1827;3,4787
1828;3,7922
1829;3,6055
1830;3,4487
1831;3,6573
1832;3,8224
1833;3,3229
1834;3,5076
1835;3,6126
1836;3,6741
1837;3,5136
1838;3,6456
1839;3,5371
1840;3,6647
1841;3,3318
1842;3,9481
1843;3,358
1844;3,441
1845;3,5216
1846;3,815
1847;3,7499
1848;3,613
1849;3,5488
1850;3,2729
1851;3,6699
1852;3,6667
1853;3,691
1854;3,461
1855;3,3337
1856;3,8333
1857;3,3397
1858;3,8887
1859;3,5646
1860;3,6177
1861;3,5088
1862;3,6205
1863;3,4552
1864;3,795
1865;3,5038
1866;3,5903
1867;3,2587
1868;3,6576
1869;3,4
1870;4,0138
1871;3,3657
1872;3,67
1873;3,2156
1874;3,8052
1875;3,7492
1876;3,3847
1877;3,5575
1878;3,6217
1879;3,8494
1880;3,3268
1881;3,7147
1882;3,5916
1883;3,3722
1884;3,8651
1885;3,3339
1886;3,7169
1887;3,5068
1888;3,6995
1889;3,9216
1890;3,0965
1891;3,6183
1892;3,7794
1893;3,8198
1894;3,3548
1895;3,5202
1896;3,3362
1897;3,5698
1898;3,9365
1899;3,3901
1900;3,5084
1901;3,5414
1902;3,6578
1903;3,9288
1904;3,3402
1905;3,64
1906;3,4423
1907;3,7511
1908;3,6003
1909;3,4583
1910;3,5674
1911;3,6388
1912;3,5141
1913;3,3747
1914;3,8369
1915;3,4861
1916;3,6053
1917;3,5715
1918;3,4207
1919;3,6472
1920;3,8086
1921;3,7657
1922;3,4143
1923;3,2043
1924;3,6295
1925;3,809
1926;3,4669
1927;3,494
1928;3,6506
1929;3,4938
1930;3,6984
1931;3,7888
1932;3,3609
1933;3,5241
1934;3,4719
1935;3,7861
1936;3,5132
1937;3,7037
1938;3,2666
1939;3,9185
1940;3,5241
1941;3,4502
1942;3,7037
1943;3,5961
1944;3,6038
1945;3,4123
1946;3,3777
1947;3,8088
1948;3,67
1949;3,9285
1950;3,3293
1951;3,3139
1952;3,542
1953;3,7684
1954;3,6693
1955;3,5703
1956;3,3462
1957;3,418
1958;3,8263
1959;3,6831
1960;3,3802
1961;3,5241
1962;3,7361
1963;3,637
1964;3,2722
1965;3,6792
1966;3,5447
1967;3,7913
1968;3,5318
1969;3,6449
1970;3,491
1971;3,6053
1972;3,6507
1973;3,4643
1974;3,417
1975;3,6096
1976;3,9374
1977;3,4727
1978;3,2767
1979;3,865
1980;3,575
1981;3,7662
1982;3,3314
1983;3,4933
1984;3,7303
1985;3,3197
1986;4,0362
1987;3,4925
1988;3,4291
1989;3,516
1990;3,4935
1991;3,6584
1992;3,6392
1993;3,6183
1994;3,4441
1995;3,994
1996;3,306
1997;3,6972
1998;3,5147
1999;3,4825
Average;3,63304
Volume Structure Collision Detection;ms
0;10,1093
1;1,9928
2;1,3201
3;1,3492
4;333,3333
5;3,7813
6;3,1599
7;4,5942
8;1,6081
9;2,9419
10;4,864
11;4,7711
12;4,5111
13;4,569
14;4,9097
15;4,8767
16;4,383
17;4,7739
18;4,8429
19;4,3157
20;4,3412
21;4,4723
22;4,6776
23;4,1904
24;4,7061
25;4,5406
26;4,3334
27;4,3875
28;4,3478
29;5,0164
30;4,0438
31;4,4897
32;4,2963
33;4,8189
34;4,3078
35;4,2092
36;4,5466
37;4,5855
38;4,4812
39;4,3158
40;4,7216
41;4,3088
42;4,3895
43;4,39
44;4,5211
45;4,6062
46;4,3797
47;4,666
48;4,353
49;4,3214
50;4,406
51;4,5702
52;4,4576
53;4,5089
54;4,3144
55;4,7101
56;4,1814
57;4,5562
58;4,2414
59;4,8554
60;4,2912
61;4,4245
62;4,5589
63;4,6028
64;4,2491
65;4,4475
66;4,5319
67;4,5544
68;4,4651
69;4,2685
70;4,7923
71;4,3751
72;4,2191
73;4,6414
74;4,5049
75;4,2693
76;4,4408
77;4,6405
78;4,6713
79;4,3504
80;4,1591
81;11,3659
82;5,0881
83;5,611
84;2,1353
85;2,0054
86;1,3035
87;4,208
88;4,415
89;4,6757
90;4,05
91;4,6214
92;4,3928
93;4,8033
94;4,1941
95;4,6024
96;4,6493
97;4,3621
98;4,1699
99;4,6553
100;4,8181
101;4,1257
102;4,5715
103;4,1607
104;4,7603
105;4,5659
106;4,4495
107;4,666
108;4,2022
109;4,4065
110;4,5514
111;4,9244
112;4,1812
113;4,5907
114;4,3522
115;4,5734
116;4,5397
117;4,1903
118;4,6211
119;4,5252
120;4,5422
121;4,3233
122;4,867
123;4,431
124;4,4954
125;4,2674
126;4,9205
127;4,2551
128;4,4767
129;4,2561
130;5,022
131;4,1975
132;4,508
133;4,7377
134;4,3113
135;4,3322
136;4,6325
137;4,6904
138;4,3522
139;4,4764
140;4,3364
141;5,1918
142;4,0781
143;4,489
144;4,7715
145;4,1917
146;4,5122
147;4,4109
148;5,1177
149;4,261
150;4,3556
151;4,7396
152;4,5132
153;4,4513
154;4,4287
155;4,314
156;4,8017
157;4,5373
158;4,2889
159;4,9695
160;4,2872
161;4,6504
162;4,4419
163;4,8353
164;3,9742
165;4,5653
166;4,5926
167;4,9216
168;4,2981
169;4,5109
170;4,9089
171;4,4634
172;4,7434
173;4,1514
174;4,7323
175;4,5525
176;4,3964
177;4,4256
178;4,9279
179;4,1431
180;4,6778
181;4,8186
182;4,3916
183;4,3674
184;4,927
185;4,5325
186;4,3533
187;4,3418
188;5,0253
189;4,2986
190;4,9019
191;4,1082
192;4,9989
193;4,3809
194;4,3839
195;4,7129
196;4,6874
197;4,5246
198;4,4477
199;4,6617
200;4,4933
201;4,631
202;4,5651
203;4,7325
204;4,3334
205;4,7023
206;4,6988
207;4,6164
208;4,4525
209;4,6124
210;4,8579
211;4,3559
212;4,5476
213;4,5368
214;4,7933
215;4,6148
216;4,515
217;4,444
218;4,8611
219;4,6311
220;4,5701
221;4,7579
222;4,3863
223;4,791
224;4,5385
225;4,8786
226;4,4539
227;4,3622
228;5,1597
229;4,4493
230;4,4247
231;4,8625
232;4,8189
233;4,3897
234;4,5531
235;4,8213
236;4,6866
237;4,4089
238;4,6207
239;5,091
240;4,2554
241;4,8239
242;4,5
243;4,865
244;4,552
245;4,487
246;5,1003
247;4,413
248;4,4752
249;4,9015
250;4,9358
251;4,4908
252;4,2817
253;5,0481
254;4,7662
255;4,5515
256;4,7522
257;4,8996
258;4,5395
259;4,6096
260;4,8299
261;4,4006
262;4,6753
263;4,6952
264;5,1377
265;4,5887
266;4,4733
267;4,9594
268;4,6888
269;4,4185
270;4,7376
271;5,2382
272;4,4865
273;4,5818
274;4,6965
275;4,9735
276;4,4789
277;4,7335
278;5,0588
279;4,6618
280;4,6983
281;4,7137
282;4,9092
283;4,8909
284;4,4304
285;5,1214
286;4,3684
287;5,1497
288;4,7679
289;4,806
290;4,5159
291;4,832
292;5,26
293;4,2016
294;4,9772
295;5,0555
296;4,7005
297;4,7054
298;4,5831
299;5,1235
300;4,7159
301;4,7393
302;5,0417
303;4,659
304;4,7638
305;4,967
306;4,8595
307;4,7095
308;4,8691
309;4,975
310;4,733
311;4,6171
312;5,1594
313;5,0749
314;4,764
315;4,66
316;5,2709
317;4,5053
318;4,9057
319;4,8326
320;5,032
321;4,6935
322;4,8947
323;5,1936
324;4,7196
325;4,8115
326;5,2122
327;4,6982
328;4,799
329;5,3525
330;5,0747
331;4,7989
332;4,6716
333;5,4756
334;4,9916
335;4,588
336;5,4273
337;4,8832
338;4,7356
339;4,9544
340;5,5108
341;4,9232
342;5,0226
343;4,9937
344;4,9958
345;4,9648
346;5,4995
347;4,859
348;5,0293
349;5,2322
350;5,5694
351;5,0366
352;5,309
353;5,4648
354;4,9045
355;5,2106
356;5,4261
357;5,1025
358;4,8921
359;5,5595
360;5,1981
361;5,1464
362;5,3446
363;5,0359
364;5,3837
365;5,5234
366;5,176
367;4,9814
368;5,4837
369;5,8407
370;4,9371
371;5,5638
372;5,4263
373;5,2447
374;5,1705
375;6,0111
376;5,1424
377;5,4307
378;5,4679
379;5,344
380;5,2421
381;5,7301
382;5,1524
383;5,1455
384;5,7342
385;5,168
386;5,437
387;5,6839
388;5,2377
389;5,2796
390;5,8068
391;5,2136
392;5,1687
393;5,9458
394;5,4421
395;5,256
396;5,6656
397;5,4827
398;5,2976
399;5,6076
400;5,1609
401;5,7016
402;5,5736
403;5,4092
404;5,6267
405;5,6584
406;5,4911
407;5,6208
408;5,6461
409;5,414
410;5,3052
411;6,1053
412;5,5143
413;5,4594
414;5,7481
415;5,4518
416;5,6287
417;5,8142
418;5,5733
419;5,4629
420;5,8132
421;5,6019
422;5,6394
423;5,8827
424;5,1859
425;5,6623
426;6,0145
427;5,4877
428;5,5067
429;6,019
430;5,3011
431;6,1183
432;5,9476
433;5,8135
434;5,9577
435;6,2782
436;5,5118
437;5,9172
438;6,3761
439;5,8419
440;6,0785
441;5,5376
442;5,8885
443;6,1046
444;5,5192
445;5,6883
446;6,2264
447;5,8101
448;5,4806
449;6,444
450;5,6989
451;5,9295
452;6,4522
453;6,3376
454;5,9132
455;5,8035
456;5,9705
457;6,6204
458;5,9626
459;6,3764
460;6,7029
461;5,8895
462;5,9469
463;6,271
464;5,7533
465;6,3803
466;5,9743
467;6,3376
468;6,5612
469;6,1361
470;6,144
471;6,7155
472;6,4378
473;6,4649
474;6,0345
475;6,5037
476;7,3543
477;5,9966
478;6,813
479;6,2273
480;6,1734
481;6,9662
482;6,263
483;6,6359
484;6,659
485;6,2311
486;6,4811
487;6,7828
488;6,2885
489;6,4755
490;6,3214
491;7,0865
492;6,1058
493;6,3711
494;7,3652
495;6,5724
496;6,8925
497;6,5344
498;7,0724
499;6,7443
500;6,7209
501;7,6671
502;6,4419
503;7,1111
504;6,7777
505;6,3374
506;7,5167
507;6,3858
508;7,0157
509;6,5739
510;6,6736
511;7,5727
512;6,6086
513;7,0387
514;6,3724
515;7,643
516;6,0888
517;6,9398
518;7,7645
519;6,9983
520;7,0097
521;6,458
522;6,7896
523;7,8037
524;6,7463
525;8,0674
526;7,3206
527;6,9869
528;7,0198
529;7,6574
530;6,77
531;7,2481
532;7,3415
533;7,2364
534;7,55
535;7,3961
536;7,8273
537;7,0187
538;7,1599
539;8,021299
540;6,8441
541;7,6722
542;7,0465
543;8,1095
544;7,4523
545;7,5405
546;7,5135
547;7,1962
548;7,4868
549;8,0446
550;8,190001
551;7,1065
552;8,252001
553;8,0431
554;7,6949
555;8,062
556;7,988801
557;8,3951
558;8,532701
559;7,5478
560;8,4611
561;7,6635
562;7,7457
563;7,9169
564;8,6111
565;7,533
566;7,659
567;7,4109
568;7,6395
569;8,268
570;7,4912
571;8,874399
572;7,8599
573;8,776
574;8,4565
575;8,3162
576;8,7512
577;8,2305
578;8,685
579;8,5561
580;7,6473
581;9,546101
582;8,9077
583;8,617
584;9,0155
585;8,2264
586;8,9806
587;7,8263
588;8,1406
589;8,137
590;7,8085
591;8,7923
592;9,002701
593;8,0543
594;8,443299
595;8,5682
596;8,2826
597;8,2731
598;9,0603
599;8,9662
600;9,6835
601;8,4964
602;8,8522
603;8,9817
604;8,7132
605;8,7175
606;9,2243
607;9,5431
608;8,541201
609;9,5483
610;8,8184
611;9,386201
612;8,9244
613;8,7395
614;8,9095
615;9,0225
616;8,3764
617;8,8451
618;9,3895
619;9,429
620;9,279799
621;8,3694
622;9,4944
623;9,1881
624;9,6657
625;8,9459
626;9,4988
627;8,3752
628;9,433001
629;9,8608
630;9,266
631;8,8245
632;9,276299
633;9,9777
634;9,4495
635;9,3067
636;9,541699
637;10,1099
638;8,9409
639;8,387199
640;9,277801
641;10,1622
642;10,6164
643;9,3448
644;10,3553
645;9,1203
646;8,881
647;10,6357
648;8,4994
649;10,3476
650;9,0261
651;9,248799
652;8,8593
653;9,091701
654;10,2445
655;8,430301
656;10,3761
657;9,6134
658;9,8406
659;10,6283
660;8,583401
661;10,4169
662;9,485
663;10,58
664;9,429399
665;9,0185
666;10,6992
667;10,3455
668;9,8296
669;10,4869
670;8,9012
671;11,0192
672;9,7415
673;10,4852
674;9,0377
675;10,4411
676;10,7139
677;10,3377
678;10,6542
679;9,3703
680;9,1941
681;9,7269
682;10,2536
683;10,3012
684;9,788099
685;10,5032
686;10,254
687;9,797999
688;10,8508
689;10,0361
690;8,837601
691;10,3239
692;9,2085
693;10,6065
694;9,7615
695;10,1437
696;10,3711
697;9,1493
698;10,8252
699;9,6158
700;10,4902
701;11,0955
702;11,0642
703;9,9759
704;11,4546
705;10,4036
706;10,3629
707;10,3015
708;9,372299
709;10,7307
710;10,26
711;10,3893
712;11,4056
713;10,1745
714;10,483
715;9,938
716;9,8802
717;10,9112
718;10,0376
719;9,456
720;10,8857
721;9,8198
722;10,3329
723;11,2834
724;9,6226
725;11,7417
726;10,3905
727;10,7225
728;11,6574
729;11,1013
730;9,7266
731;11,558
732;11,1546
733;9,7116
734;10,8245
735;11,2551
736;11,9364
737;10,8021
738;9,9443
739;11,5034
740;10,611
741;11,3544
742;11,1895
743;11,6567
744;11,4511
745;11,3729
746;12,3119
747;9,9486
748;10,5767
749;11,4047
750;11,4607
751;11,738
752;10,9063
753;11,3533
754;9,8046
755;11,0761
756;10,5471
757;11,8221
758;12,3038
759;10,2894
760;11,6352
761;12,0438
762;12,13
763;11,4227
764;11,3539
765;10,8616
766;10,4029
767;11,0521
768;11,6289
769;11,1604
770;11,3659
771;14,207
772;9,0263
773;12,1315
774;12,0711
775;10,9643
776;11,9994
777;12,3427
778;11,034
779;11,6634
780;11,9688
781;12,1681
782;11,7916
783;12,6429
784;11,2346
785;11,9357
786;11,4205
787;11,8542
788;11,448
789;11,5837
790;12,6867
791;12,5544
792;11,7483
793;11,3378
794;11,6242
795;11,317
796;10,8494
797;11,7562
798;11,4443
799;12,6479
800;11,3563
801;11,9624
802;11,7373
803;11,128
804;11,9704
805;12,3562
806;12,751
807;13,0367
808;11,9227
809;11,9975
810;11,4682
811;12,9533
812;11,6798
813;13,1809
814;11,4688
815;12,2257
816;12,8874
817;11,4146
818;11,9323
819;12,9596
820;11,6321
821;11,8389
822;12,8344
823;12,2648
824;12,9449
825;11,7481
826;12,8652
827;12,6985
828;13,4123
829;11,7137
830;13,9319
831;13,0729
832;12,2979
833;11,9623
834;11,4953
835;12,6954
836;12,3657
837;12,1624
838;13,5246
839;13,0825
840;12,5019
841;12,3918
842;12,0773
843;12,9258
844;12,3626
845;14,0283
846;11,7359
847;12,5972
848;12,9807
849;12,727
850;11,9024
851;13,0972
852;12,8848
853;14,2776
854;12,5389
855;13,0373
856;13,0252
857;12,9439
858;12,577
859;12,3703
860;12,8952
861;13,9261
862;13,239
863;12,4031
864;13,3603
865;13,7691
866;13,3152
867;13,561
868;12,866
869;13,5064
870;13,2543
871;13,5224
872;12,8671
873;12,6046
874;13,7455
875;13,1742
876;13,1078
877;13,5761
878;13,2997
879;13,2351
880;13,2864
881;13,3101
882;13,1726
883;12,8258
884;13,7158
885;13,55
886;13,1265
887;13,2068
888;12,9641
889;13,4941
890;13,8771
891;13,7592
892;13,6732
893;13,0424
894;14,1521
895;13,5092
896;13,5175
897;13,0046
898;12,8516
899;13,4586
900;13,6118
901;13,8462
902;13,0191
903;13,7406
904;12,9517
905;13,7701
906;13,6361
907;13,6754
908;13,2276
909;13,5081
910;14,0314
911;13,9639
912;14,1471
913;13,4282
914;13,0577
915;13,6945
916;13,8394
917;14,4669
918;13,5374
919;13,4211
920;13,1944
921;13,7786
922;13,7088
923;13,9001
924;14,0201
925;14,5529
926;13,2166
927;14,4266
928;14,2153
929;14,3878
930;14,2212
931;13,6271
932;13,1824
933;14,679
934;13,8709
935;15,1777
936;13,8226
937;13,5809
938;13,8619
939;13,4948
940;14,3608
941;14,2922
942;14,1542
943;14,5134
944;14,6481
945;14,1861
946;13,8048
947;13,9139
948;14,0707
949;15,4215
950;14,3894
951;14,0156
952;13,6293
953;14,3922
954;14,3031
955;14,4853
956;14,6329
957;15,0069
958;13,8027
959;14,5674
960;13,7399
961;15,5925
962;14,3424
963;14,2986
964;14,6227
965;14,1686
966;14,624
967;14,138
968;14,3056
969;14,2985
970;14,4905
971;14,6376
972;14,6549
973;14,1246
974;13,5624
975;14,7566
976;14,5025
977;14,516
978;14,6791
979;14,6502
980;14,2037
981;14,1264
982;13,923
983;14,4082
984;14,3884
985;14,9729
986;14,544
987;14,3123
988;14,2402
989;13,8598
990;14,6896
991;14,6497
992;14,13
993;14,956
994;14,974
995;14,1005
996;14,1744
997;13,9744
998;14,9127
999;14,6913
1000;14,69
1001;14,6231
1002;14,6527
1003;13,8619
1004;14,4571
1005;14,1233
1006;14,4918
1007;14,8642
1008;15,042
1009;14,5282
1010;14,5523
1011;14,1028
1012;14,4648
1013;14,9289
1014;15,1916
1015;14,5547
1016;14,6591
1017;14,5829
1018;14,5652
1019;14,9408
1020;14,2788
1021;14,0997
1022;14,9834
1023;14,792
1024;14,4462
1025;14,9208
1026;15,0053
1027;14,2532
1028;14,3915
1029;14,0453
1030;15,8196
1031;14,8313
1032;14,9418
1033;15,1246
1034;14,7206
1035;15,052
1036;14,7537
1037;14,2016
1038;14,1443
1039;15,3736
1040;15,02
1041;15,1246
1042;14,8212
1043;14,8605
1044;15,1262
1045;14,7004
1046;14,0283
1047;14,5363
1048;14,5928
1049;14,944
1050;15,3374
1051;15,0591
1052;14,931
1053;14,7076
1054;14,4887
1055;14,4554
1056;14,557
1057;14,9011
1058;14,9984
1059;14,9016
1060;15,0149
1061;14,8973
1062;15,0689
1063;14,3182
1064;15,0012
1065;14,9242
1066;14,7863
1067;15,2267
1068;15,3809
1069;15,4272
1070;15,2273
1071;15,021
1072;14,8369
1073;14,4361
1074;15,0515
1075;14,4783
1076;15,0893
1077;15,1377
1078;14,733
1079;15,0493
1080;14,8191
1081;15,5641
1082;14,6232
1083;14,5184
1084;15,3376
1085;14,169
1086;15,3977
1087;15,0445
1088;14,7607
1089;14,9241
1090;15,1899
1091;14,9581
1092;14,5893
1093;14,368
1094;14,5598
1095;15,0513
1096;14,9114
1097;14,8194
1098;15,0727
1099;14,8995
1100;14,7506
1101;14,8404
1102;14,6198
1103;14,5154
1104;15,1112
1105;15,277
1106;15,0578
1107;14,9683
1108;15,2504
1109;15,2137
1110;14,7362
1111;14,577
1112;15,0254
1113;14,1149
1114;15,3726
1115;15,0819
1116;15,1747
1117;14,9845
1118;15,1265
1119;15,3779
1120;14,8062
1121;14,7071
1122;14,5721
1123;15,1353
1124;15,3126
1125;15,2147
1126;14,9396
1127;15,4307
1128;15,1032
1129;15,1828
1130;14,992
1131;14,7885
1132;15,1429
1133;14,8226
1134;15,584
1135;15,4377
1136;15,1074
1137;15,409
1138;15,0194
1139;15,1492
1140;15,398
1141;15,3619
1142;14,5319
1143;14,6094
1144;14,3017
1145;15,6517
1146;14,9719
1147;15,2075
1148;14,9005
1149;15,3414
1150;14,8864
1151;14,9681
1152;15,1178
1153;14,6957
1154;14,6058
1155;15,3261
1156;14,7417
1157;15,6879
1158;15,0326
1159;15,3213
1160;14,9569
1161;15,115
1162;14,6323
1163;14,7187
1164;14,395
1165;14,9313
1166;15,2461
1167;15,3564
1168;15,2622
1169;14,9876
1170;15,1055
1171;14,8323
1172;14,8479
1173;14,8985
1174;14,1701
1175;15,5191
1176;14,6994
1177;15,2093
1178;15,0891
1179;15,0646
1180;15,2009
1181;14,917
1182;14,7505
1183;15,2952
1184;15,0087
1185;14,8402
1186;14,8189
1187;15,6221
1188;15,157
1189;15,587
1190;15,059
1191;14,7724
1192;14,8173
1193;14,7033
1194;14,4938
1195;15,2609
1196;15,3571
1197;14,9447
1198;15,3525
1199;15,0143
1200;15,2022
1201;15,1622
1202;14,753
1203;14,8641
1204;14,3818
1205;15,4446
1206;15,6494
1207;14,8231
1208;15,3117
1209;15,0974
1210;15,1405
1211;14,8582
1212;15,3739
1213;14,7887
1214;14,9369
1215;14,6217
1216;14,9362
1217;15,3521
1218;14,9921
1219;15,232
1220;15,344
1221;15,3623
1222;15,3288
1223;14,6586
1224;14,8985
1225;14,9332
1226;15,4464
1227;14,8974
1228;15,6115
1229;15,3231
1230;15,1022
1231;15,286
1232;15,0535
1233;15,2118
1234;14,7586
1235;15,0344
1236;14,259
1237;15,2726
1238;15,819
1239;15,2979
1240;15,0302
1241;15,238
1242;15,2414
1243;14,881
1244;15,2526
1245;14,8276
1246;14,5003
1247;14,794
1248;15,1144
1249;14,986
1250;14,9719
1251;15,3278
1252;15,226
1253;14,9407
1254;14,8962
1255;14,5688
1256;14,5777
1257;14,8683
1258;15,3791
1259;14,8946
1260;15,0222
1261;15,1763
1262;15,0897
1263;14,9749
1264;14,578
1265;14,5209
1266;14,9639
1267;15,0291
1268;15,2329
1269;15,0696
1270;14,9368
1271;15,1817
1272;15,1479
1273;15,0115
1274;14,4341
1275;14,9043
1276;14,2574
1277;14,993
1278;14,9609
1279;14,9418
1280;15,3317
1281;15,0406
1282;15,0733
1283;15,0483
1284;14,9163
1285;14,8189
1286;14,4701
1287;15,3109
1288;15,3418
1289;14,7826
1290;15,0285
1291;15,0394
1292;14,9882
1293;14,5726
1294;14,9611
1295;14,1723
1296;14,9856
1297;15,0976
1298;14,9852
1299;15,2738
1300;15,5915
1301;15,1406
1302;15,4298
1303;15,5512
1304;14,9488
1305;14,6598
1306;14,5995
1307;15,4674
1308;15,4933
1309;15,1144
1310;15,2118
1311;15,3738
1312;15,1827
1313;15,1375
1314;14,5586
1315;15,0179
1316;14,486
1317;15,1967
1318;15,4884
1319;14,9887
1320;14,7686
1321;15,651
1322;15,3898
1323;15,171
1324;15,0244
1325;14,8341
1326;14,6652
1327;14,4496
1328;15,5443
1329;15,2527
1330;15,3716
1331;14,9684
1332;15,1883
1333;15,0563
1334;15,3792
1335;15,24
1336;14,7306
1337;14,7082
1338;14,8397
1339;15,536
1340;15,1498
1341;14,9467
1342;15,1063
1343;15,4153
1344;14,6898
1345;14,9652
1346;14,6031
1347;14,9196
1348;15,1476
1349;15,0603
1350;15,2699
1351;15,4025
1352;15,1889
1353;15,1693
1354;15,1691
1355;14,8723
1356;14,7946
1357;14,8498
1358;14,3796
1359;14,7624
1360;15,1726
1361;15,4513
1362;15,2077
1363;14,9584
1364;15,1525
1365;14,6356
1366;15,0516
1367;14,7639
1368;14,5285
1369;15,4772
1370;14,9293
1371;15,1532
1372;15,5113
1373;15,0297
1374;15,0606
1375;14,9939
1376;14,6094
1377;14,6788
1378;15,4546
1379;14,7521
1380;15,4005
1381;14,9046
1382;15,2142
1383;15,1244
1384;15,1886
1385;15,0139
1386;15,125
1387;14,574
1388;14,4836
1389;15,3763
1390;15,5088
1391;14,9925
1392;15,2007
1393;15,0851
1394;14,8716
1395;15,4197
1396;15,0825
1397;14,9199
1398;14,5236
1399;14,6351
1400;15,3428
1401;15,0744
1402;14,8233
1403;15,7738
1404;15,0061
1405;15,136
1406;15,0105
1407;14,415
1408;14,8787
1409;14,34
1410;15,6831
1411;14,9073
1412;15,3754
1413;15,7894
1414;15,6073
1415;16,0743
1416;15,8264
1417;16,0327
1418;15,0545
1419;14,8074
1420;15,2811
1421;14,3815
1422;15,5021
1423;15,8564
1424;15,4607
1425;15,1363
1426;15,079
1427;15,3358
1428;15,1525
1429;14,9405
1430;14,6946
1431;14,8407
1432;14,803
1433;14,9261
1434;15,196
1435;15,0638
1436;15,5841
1437;15,5619
1438;15,1065
1439;15,061
1440;14,8157
1441;15,0018
1442;14,786
1443;14,2305
1444;15,621
1445;15,8616
1446;15,7811
1447;15,3445
1448;15,1526
1449;15,1603
1450;14,9767
1451;15,2164
1452;14,7369
1453;14,8363
1454;14,4331
1455;15,442
1456;19,4043
1457;12,3064
1458;14,7108
1459;15,718
1460;15,1634
1461;15,4435
1462;14,9472
1463;14,9401
1464;14,7299
1465;14,8246
1466;15,1355
1467;15,1385
1468;15,002
1469;15,5651
1470;15,1373
1471;15,0911
1472;15,3365
1473;14,9549
1474;15,48
1475;14,2146
1476;15,0263
1477;14,9822
1478;15,3556
1479;15,1708
1480;15,2162
1481;15,1755
1482;15,335
1483;15,0597
1484;14,9487
1485;14,9727
1486;14,7579
1487;14,9227
1488;14,8773
1489;15,4274
1490;15,1086
1491;15,063
1492;14,7474
1493;15,4495
1494;15,1766
1495;15,3834
1496;14,6351
1497;15,0807
1498;14,8834
1499;15,1381
1500;15,2495
1501;15,2011
1502;15,3917
1503;15,0723
1504;15,1119
1505;14,6764
1506;14,5602
1507;14,5216
1508;15,1212
1509;14,9728
1510;15,0773
1511;15,7859
1512;14,9261
1513;15,1575
1514;15,0536
1515;15,2065
1516;15,2601
1517;14,4191
1518;15,4408
1519;15,0723
1520;15,4959
1521;15,2744
1522;15,0663
1523;14,7825
1524;15,1879
1525;14,9587
1526;14,4764
1527;15,3273
1528;14,2463
1529;14,7836
1530;14,8805
1531;15,9438
1532;15,0583
1533;15,1189
1534;14,9128
1535;14,9462
1536;14,6275
1537;14,6676
1538;14,2983
1539;15,3973
1540;15,3084
1541;15,7714
1542;15,3785
1543;15,3194
1544;15,0643
1545;15,0538
1546;14,9046
1547;14,7615
1548;14,4956
1549;14,9923
1550;15,6722
1551;15,0382
1552;15,08
1553;14,9832
1554;14,8236
1555;15,2022
1556;14,9459
1557;14,5839
1558;14,3572
1559;15,4944
1560;15,2776
1561;15,0371
1562;15,3679
1563;15,1844
1564;15,3664
1565;15,063
1566;14,8946
1567;15,2318
1568;14,4422
1569;14,4233
1570;15,6269
1571;15,0388
1572;15,0894
1573;15,0139
1574;15,1271
1575;14,876
1576;14,8311
1577;14,8379
1578;14,4322
1579;14,5319
1580;15,0812
1581;15,2007
1582;14,9093
1583;15,2599
1584;15,1284
1585;14,8495
1586;14,8846
1587;14,9623
1588;14,4851
1589;15,3219
1590;15,3769
1591;15,1334
1592;15,257
1593;15,3371
1594;15,0415
1595;15,0711
1596;14,7622
1597;14,8046
1598;14,8473
1599;15,0819
1600;14,9722
1601;15,3402
1602;15,1829
1603;14,6985
1604;15,2548
1605;14,8007
1606;14,9517
1607;14,7554
1608;14,9635
1609;14,8591
1610;15,0151
1611;15,1266
1612;15,2224
1613;15,0915
1614;15,3794
1615;15,185
1616;14,6463
1617;14,5325
1618;14,9408
1619;15,0894
1620;14,9537
1621;15,2575
1622;15,1196
1623;15,18
1624;14,9462
1625;15,0188
1626;14,8853
1627;15,3124
1628;14,4124
1629;14,6316
1630;15,3585
1631;15,2059
1632;15,2236
1633;15,039
1634;15,0623
1635;15,2484
1636;14,8325
1637;15,2422
1638;14,4968
1639;14,406
1640;15,2464
1641;14,9878
1642;15,4407
1643;15,0959
1644;15,1521
1645;15,272
1646;15,102
1647;14,7209
1648;14,4012
1649;14,5239
1650;15,3809
1651;15,1579
1652;14,9112
1653;14,8888
1654;15,1919
1655;15,0985
1656;14,716
1657;14,5075
1658;14,3001
1659;15,2478
1660;15,6233
1661;15,242
1662;15,2591
1663;15,1891
1664;15,1363
1665;15,0186
1666;15,098
1667;14,8286
1668;14,7052
1669;15,0724
1670;15,3618
1671;15,191
1672;15,1844
1673;15,1772
1674;15,1144
1675;15,285
1676;14,9454
1677;15,0819
1678;14,5607
1679;14,4961
1680;14,9279
1681;15,3532
1682;15,0125
1683;15,0032
1684;15,257
1685;15,4514
1686;15,0207
1687;14,4455
1688;14,4791
1689;15,1769
1690;14,6152
1691;14,8738
1692;15,1403
1693;15,0184
1694;15,5189
1695;15,0247
1696;15,4179
1697;15,3819
1698;14,3586
1699;14,4422
1700;15,3688
1701;14,7676
1702;15,6529
1703;15,0057
1704;15,2299
1705;15,215
1706;14,4728
1707;15,3759
1708;14,3936
1709;14,8664
1710;14,9249
1711;15,8809
1712;15,2287
1713;14,838
1714;15,1974
1715;15,5806
1716;14,9815
1717;15,0243
1718;14,5785
1719;14,7222
1720;14,4676
1721;15,3791
1722;15,4376
1723;15,1591
1724;15,3481
1725;14,9452
1726;15,086
1727;15,1717
1728;15,2026
1729;14,831
1730;14,5334
1731;14,8486
1732;14,9123
1733;15,1544
1734;14,9161
1735;15,2608
1736;14,8891
1737;14,7669
1738;14,7041
1739;14,2643
1740;15,0006
1741;15,4396
1742;15,222
1743;14,9412
1744;15,0445
1745;15,1738
1746;14,8841
1747;14,6694
1748;14,6629
1749;14,8888
1750;15,0725
1751;15,6548
1752;15,4915
1753;15,1683
1754;14,7102
1755;15,3497
1756;15,3609
1757;15,7538
1758;14,5348
1759;15,3296
1760;14,2466
1761;14,8054
1762;15,0762
1763;14,7607
1764;15,1857
1765;15,5273
1766;15,1466
1767;15,2239
1768;14,6684
1769;14,781
1770;14,5218
1771;15,3481
1772;14,8225
1773;14,9722
1774;15,2892
1775;14,8893
1776;15,3121
1777;15,4973
1778;15,0426
1779;14,5533
1780;14,1911
1781;15,1591
1782;15,5753
1783;15,0361
1784;15,3434
1785;14,9586
1786;15,087
1787;14,9834
1788;15,0104
1789;14,5764
1790;14,224
1791;15,1969
1792;14,9214
1793;15,6738
1794;14,8126
1795;15,3887
1796;15,0491
1797;14,91
1798;14,9118
1799;14,4446
1800;14,7784
1801;15,0591
1802;15,3519
1803;14,9237
1804;15,6066
1805;15,2955
1806;14,7048
1807;15,1764
1808;14,784
1809;14,7602
1810;14,4364
1811;14,9395
1812;15,7764
1813;15,2316
1814;15,5468
1815;15,0684
1816;15,176
1817;15,0871
1818;15,1783
1819;14,6898
1820;14,4451
1821;14,4082
1822;16,0265
1823;15,4403
1824;14,9123
1825;15,4282
1826;15,19
1827;15,5902
1828;14,9853
1829;15,29
1830;14,5108
1831;14,8405
1832;14,3121
1833;15,0014
1834;15,4404
1835;14,8961
1836;15,0083
1837;15,022
1838;14,8952
1839;15,1457
1840;15,2677
1841;14,1847
1842;15,042
1843;15,6333
1844;15,9431
1845;15,0667
1846;14,8592
1847;15,1714
1848;15,1177
1849;14,899
1850;15,4546
1851;14,7019
1852;14,6152
1853;15,2826
1854;15,5925
1855;14,8077
1856;14,9773
1857;15,1097
1858;15,2939
1859;14,9024
1860;14,7862
1861;14,7643
1862;13,8984
1863;15,1165
1864;15,7221
1865;14,9414
1866;14,816
1867;15,249
1868;15,1838
1869;14,7835
1870;14,9824
1871;15,5003
1872;14,4779
1873;15,2888
1874;14,9311
1875;15,0315
1876;15,1775
1877;15,2859
1878;15,3651
1879;15,0083
1880;14,8224
1881;14,6809
1882;14,6223
1883;14,7889
1884;15,5377
1885;15,4375
1886;14,9168
1887;15,0564
1888;14,8925
1889;15,78
1890;14,9039
1891;15,1791
1892;14,8792
1893;14,4416
1894;15,197
1895;15,1692
1896;15,4303
1897;14,8268
1898;15,1655
1899;14,9662
1900;15,1486
1901;14,6191
1902;14,5626
1903;14,2712
1904;14,8344
1905;15,2026
1906;15,3703
1907;15,638
1908;15,4912
1909;15,3669
1910;15,0518
1911;14,7252
1912;14,7175
1913;14,0842
1914;15,2547
1915;14,7987
1916;15,4924
1917;15,1903
1918;14,9386
1919;15,1148
1920;15,0457
1921;14,4746
1922;14,9592
1923;14,5819
1924;14,9733
1925;14,9105
1926;15,0474
1927;15,2154
1928;15,2664
1929;15,0679
1930;15,3703
1931;15,1625
1932;14,3828
1933;14,3325
1934;14,9207
1935;15,3006
1936;14,791
1937;14,9358
1938;15,0228
1939;14,7532
1940;15,4365
1941;15,8326
1942;14,4875
1943;14,4969
1944;15,1082
1945;15,4112
1946;14,8266
1947;15,1569
1948;15,2257
1949;15,23
1950;14,3772
1951;14,8577
1952;15,1681
1953;14,3878
1954;15,8687
1955;15,2313
1956;14,9641
1957;15,1178
1958;15,3423
1959;15,1293
1960;14,8319
1961;14,7195
1962;15,0133
1963;14,5003
1964;15,5107
1965;15,4541
1966;15,3715
1967;14,8406
1968;15,0126
1969;15,0371
1970;14,8013
1971;14,4148
1972;14,8021
1973;14,4945
1974;14,9733
1975;15,1249
1976;15,0409
1977;15,2014
1978;14,9438
1979;15,0994
1980;15,0453
1981;14,4847
1982;14,3226
1983;15,6938
1984;14,7065
1985;15,4585
1986;14,8862
1987;15,2258
1988;14,7509
1989;14,973
1990;14,709
1991;15,1214
1992;14,8299
1993;14,3056
1994;15,1456
1995;14,7681
1996;15,046
1997;14,8696
1998;15,0461
1999;14,5006
Average;11,67876
Hybrid Collision Detection;ms
0;25,2459
1;1,9306
2;1,6968
3;1,5898
4;10,9641
5;333,3333
6;11,0547
7;3,1303
8;4,8175
9;5,2507
10;1,771
11;2,9884
12;4,8096
13;4,8667
14;5,1435
15;4,3824
16;4,6712
17;5,2061
18;4,6814
19;4,5244
20;4,6818
21;5,0867
22;4,6713
23;4,6625
24;4,9695
25;4,6218
26;4,456
27;5,0154
28;5,0176
29;4,6307
30;4,4825
31;5,1173
32;4,4777
33;4,8687
34;4,7331
35;4,8468
36;4,5761
37;4,8094
38;4,7537
39;4,8201
40;4,654
41;4,7344
42;4,8098
43;4,7086
44;4,8027
45;5,0195
46;4,7028
47;4,7435
48;4,5624
49;4,945
50;4,5399
51;4,5699
52;5,4224
53;4,3588
54;4,6856
55;4,6194
56;5,1397
57;4,5272
58;4,6739
59;4,8613
60;4,9849
61;4,5575
62;4,5052
63;5,2411
64;4,5859
65;4,6396
66;5,0753
67;4,4209
68;4,5601
69;5,3585
70;4,7488
71;4,6518
72;4,4619
73;5,1928
74;4,5385
75;4,5608
76;4,9097
77;4,7592
78;4,6812
79;4,6211
80;5,275
81;4,7333
82;4,6105
83;4,7205
84;4,8939
85;4,4792
86;5,0791
87;4,9553
88;4,5216
89;4,7451
90;4,8167
91;5,0716
92;4,3477
93;4,6434
94;5,2768
95;4,5882
96;4,5706
97;4,6969
98;5,105
99;4,7514
100;4,5275
101;5,3096
102;4,5842
103;4,6198
104;4,6341
105;4,856
106;4,7108
107;4,8969
108;5,0232
109;4,3416
110;5,2613
111;4,7515
112;4,8082
113;4,6686
114;4,595
115;5,2022
116;4,562
117;4,7695
118;4,5015
119;5,2983
120;4,8221
121;4,4255
122;4,9005
123;4,9383
124;4,7243
125;4,7068
126;5,225
127;4,7176
128;4,6011
129;5,1079
130;4,6301
131;4,7882
132;4,8001
133;5,0407
134;4,4062
135;4,7146
136;5,2793
137;4,5327
138;4,613
139;4,9121
140;5,1791
141;4,5825
142;4,6958
143;5,3785
144;4,5767
145;4,6041
146;5,1913
147;4,5833
148;4,9422
149;4,5971
150;4,914
151;4,6278
152;4,7938
153;5,0013
154;4,7649
155;4,6216
156;5,1983
157;4,8649
158;4,6651
159;4,8085
160;5,1114
161;4,7018
162;4,6582
163;4,9401
164;4,761
165;5,1733
166;4,6071
167;4,9952
168;4,8067
169;4,8113
170;4,9049
171;5,0365
172;4,898
173;4,5343
174;5,1463
175;4,5536
176;4,6635
177;5,3516
178;4,5701
179;4,7495
180;4,878
181;5,0578
182;4,6425
183;4,8156
184;5,0206
185;5,0087
186;4,6349
187;4,9754
188;5,1488
189;4,7807
190;4,6348
191;5,3233
192;4,6249
193;4,8054
194;4,7094
195;5,0807
196;5,0795
197;4,5534
198;5,2374
199;4,7846
200;4,8127
201;4,8567
202;5,0758
203;4,6014
204;4,8895
205;4,8937
206;5,0659
207;4,5307
208;5,1995
209;4,8861
210;4,658
211;5,3151
212;5,1389
213;4,67
214;4,8082
215;5,1639
216;4,7182
217;4,8538
218;5,1489
219;4,6831
220;4,8698
221;4,9573
222;5,1865
223;4,6844
224;4,9291
225;5,2101
226;4,6658
227;4,868
228;5,03
229;5,0727
230;4,7907
231;4,8951
232;5,0434
233;4,5992
234;5,3235
235;4,9665
236;4,8465
237;5,0225
238;4,9076
239;9,2657
240;1,9306
241;3,5878
242;5,1433
243;4,7838
244;4,8511
245;5,4129
246;4,7391
247;4,8194
248;4,9615
249;5,2491
250;5,0408
251;4,6453
252;5,028
253;5,0858
254;5,065
255;5,115
256;4,8135
257;5,026
258;5,1737
259;4,9894
260;4,9524
261;4,8778
262;5,3003
263;4,747
264;5,0431
265;5,011
266;5,0818
267;4,7828
268;5,2686
269;5,1076
270;4,9104
271;4,9495
272;5,1951
273;4,7843
274;5,1691
275;5,2011
276;4,8555
277;4,9341
278;5,4451
279;5,3763
280;4,9224
281;5,0561
282;5,3426
283;4,9047
284;5,0157
285;5,2624
286;5,1279
287;4,8267
288;5,5833
289;4,7739
290;5,2083
291;4,8863
292;5,2963
293;5,0081
294;5,1818
295;5,0787
296;5,121
297;4,9537
298;5,5784
299;4,74
300;5,0388
301;5,4658
302;4,928
303;4,8826
304;5,1847
305;5,1647
306;5,2905
307;4,7699
308;5,4738
309;5,3356
310;5,0286
311;5,216
312;4,8915
313;4,9911
314;5,5153
315;5,0363
316;4,8386
317;5,5417
318;5,3288
319;5,2457
320;5,1193
321;5,5718
322;4,8966
323;5,2932
324;5,5734
325;4,7534
326;5,4421
327;5,203
328;5,3442
329;5,1002
330;5,3888
331;4,9916
332;5,1283
333;5,4211
334;5,3277
335;5,2324
336;5,3503
337;5,9287
338;5,0045
339;5,6382
340;5,161
341;5,3759
342;5,3542
343;5,3779
344;5,4619
345;5,279
346;5,4858
347;5,2821
348;5,3357
349;5,7217
350;5,1573
351;5,5017
352;5,5794
353;5,2008
354;5,1736
355;6,0753
356;5,2768
357;5,4496
358;5,7275
359;5,2823
360;5,3454
361;5,6142
362;5,6379
363;5,4499
364;5,7029
365;5,3181
366;5,8063
367;5,6373
368;5,4131
369;5,5245
370;5,7649
371;5,3524
372;5,5337
373;5,8943
374;5,5245
375;5,504
376;6,0621
377;5,2253
378;5,4685
379;6,0869
380;5,7841
381;5,4546
382;5,511
383;5,8065
384;5,5742
385;5,9594
386;5,4328
387;5,7873
388;5,7909
389;5,4406
390;5,6618
391;6,5323
392;5,5273
393;5,7063
394;5,907
395;5,6025
396;5,873
397;5,9423
398;5,3454
399;5,9003
400;5,5088
401;5,7972
402;6,2146
403;5,486
404;5,991
405;5,8112
406;5,6918
407;5,8249
408;6,0641
409;5,7241
410;5,6601
411;6,3532
412;5,7012
413;6,2784
414;6,102
415;5,9765
416;5,8863
417;5,7537
418;5,7283
419;6,2715
420;5,6181
421;5,9624
422;6,0667
423;5,7057
424;5,9546
425;6,2567
426;5,5993
427;6,2771
428;6,4986
429;5,7743
430;6,0779
431;6,0946
432;5,6646
433;6,3422
434;5,7833
435;6,0463
436;6,5942
437;5,9383
438;5,9693
439;6,0364
440;5,9968
441;6,1594
442;5,8532
443;6,1001
444;6,4594
445;6,0451
446;5,9656
447;6,6978
448;5,8839
449;6,2106
450;6,0671
451;6,4342
452;6,1158
453;6,1376
454;6,2334
455;6,3209
456;5,7533
457;6,2179
458;6,8103
459;6,0381
460;6,4296
461;6,143
462;6,0787
463;6,9268
464;6,2098
465;6,125
466;6,5024
467;6,1168
468;6,5287
469;6,1656
470;6,3257
471;6,42
472;6,0788
473;6,8374
474;6,2898
475;6,1792
476;7,0062
477;6,1765
478;6,2548
479;6,5367
480;6,3455
481;6,7981
482;6,3364
483;6,6792
484;7,3245
485;6,634
486;6,4506
487;6,4413
488;6,4965
489;6,9134
490;6,4714
491;6,7896
492;6,4501
493;6,5611
494;7,089
495;6,5442
496;6,7145
497;6,3146
498;6,9288
499;6,915
500;6,4507
501;6,9972
502;6,4032
503;6,6504
504;7,0049
505;6,6359
506;7,0426
507;6,7311
508;6,6271
509;6,9338
510;6,4902
511;7,4079
512;6,7924
513;6,9925
514;6,9158
515;6,7171
516;7,399
517;6,6243
518;7,3297
519;6,4456
520;7,186
521;7,0564
522;6,9577
523;7,6487
524;6,5776
525;7,476
526;6,7522
527;7,1015
528;7,509
529;7,0482
530;7,5329
531;6,7686
532;7,5596
533;6,9727
534;7,0454
535;7,3253
536;7,2108
537;7,4829
538;7,2884
539;7,3573
540;7,2359
541;7,4479
542;7,2861
543;7,2191
544;7,5222
545;6,9166
546;8,332399
547;7,0508
548;7,5132
549;7,4689
550;7,4493
551;7,1467
552;7,6566
553;7,6538
554;7,4487
555;8,2407
556;7,3254
557;8,0878
558;7,2369
559;7,929399
560;7,2316
561;7,9431
562;7,4578
563;7,6707
564;7,6415
565;7,6865
566;8,321301
567;8,0372
568;7,7397
569;7,6452
570;8,138399
571;7,8116
572;8,235701
573;7,7257
574;7,98
575;7,752
576;7,7693
577;7,7147
578;8,0173
579;7,7183
580;8,134
581;7,7426
582;7,865499
583;8,0399
584;7,768
585;8,0491
586;7,8475
587;8,4343
588;7,8158
589;9,1135
590;7,7312
591;8,7527
592;7,9972
593;8,990701
594;8,054399
595;8,4656
596;8,1306
597;8,4544
598;8,0664
599;8,9414
600;8,083
601;8,2416
602;8,499801
603;9,1824
604;7,7907
605;8,521899
606;8,4194
607;8,4715
608;7,928
609;8,5399
610;8,001901
611;8,7059
612;8,1481
613;8,7683
614;8,1522
615;8,6543
616;7,9395
617;8,4281
618;8,4336
619;8,513901
620;8,444
621;8,5985
622;8,4205
623;8,4095
624;8,5189
625;8,4959
626;8,5608
627;8,381101
628;8,8055
629;8,0399
630;8,9501
631;8,2585
632;8,8135
633;8,5014
634;8,922999
635;8,2394
636;8,7323
637;8,531799
638;8,9886
639;8,4557
640;8,8878
641;8,360801
642;9,4079
643;8,5791
644;9,6074
645;8,739
646;8,868999
647;8,603701
648;8,7275
649;8,9873
650;8,5932
651;9,2119
652;8,2543
653;9,1002
654;8,5126
655;9,3182
656;8,447101
657;9,275499
658;8,8625
659;9,4483
660;8,762
661;9,5988
662;9,1765
663;8,9908
664;8,8876
665;8,840199
666;9,112
667;8,769401
668;9,5147
669;8,8959
670;9,4519
671;9,1251
672;9,4246
673;9,2118
674;8,7146
675;9,5911
676;8,991899
677;9,4254
678;8,7558
679;9,8929
680;9,2027
681;9,4014
682;9,148
683;9,0229
684;9,6768
685;8,7953
686;9,9556
687;9,381701
688;9,464601
689;9,520101
690;9,080501
691;9,5722
692;9,0621
693;9,7201
694;9,3741
695;10,0119
696;9,564899
697;9,388
698;9,4169
699;9,3339
700;9,7554
701;9,4678
702;10,2729
703;9,5609
704;9,371699
705;9,8366
706;9,248799
707;10,1557
708;9,387
709;9,7666
710;9,8929
711;9,6678
712;9,5808
713;9,7494
714;10,0584
715;9,9767
716;9,4789
717;9,9371
718;9,5506
719;10,1997
720;9,4665
721;10,528
722;9,7434
723;9,877399
724;10,3197
725;9,6074
726;10,08
727;10,0095
728;9,639601
729;10,6585
730;9,8474
731;10,1251
732;10,1354
733;9,6314
734;10,6342
735;9,6648
736;10,6381
737;10,3073
738;9,9228
739;10,9353
740;10,1754
741;9,941
742;10,3319
743;10,0848
744;10,9626
745;10,2664
746;9,773399
747;10,8611
748;10,2701
749;10,1713
750;10,587
751;10,199
752;10,5372
753;10,3208
754;9,7096
755;11,1423
756;10,0258
757;10,3667
758;10,6375
759;10,5455
760;11,0828
761;10,8409
762;10,3962
763;10,7653
764;10,8304
765;10,4515
766;11,1157
767;10,5937
768;10,3608
769;11,1639
770;10,5696
771;11,2977
772;11,1096
773;10,5461
774;10,928
775;11,2073
776;10,1968
777;11,1847
778;11,1863
779;10,8167
780;11,5337
781;10,9601
782;10,6976
783;11,3456
784;11,1315
785;10,8068
786;11,5578
787;11,2101
788;11,0799
789;11,4858
790;11,4986
791;10,864
792;11,3648
793;11,5461
794;11,0431
795;11,2311
796;11,5514
797;11,1815
798;10,8301
799;11,6223
800;11,5444
801;10,8556
802;11,7696
803;11,5466
804;10,9627
805;11,8071
806;11,2359
807;11,0294
808;12,0256
809;11,7035
810;11,277
811;11,9766
812;12,2438
813;11,3607
814;11,3204
815;12,1293
816;11,6078
817;11,2942
818;11,9263
819;11,7693
820;11,5682
821;11,807
822;12,4019
823;11,9274
824;11,5541
825;12,258
826;12,0627
827;11,702
828;12,1938
829;12,1711
830;12,0892
831;11,7158
832;12,1757
833;12,26
834;12,1711
835;11,6096
836;12,6655
837;12,0086
838;11,8985
839;12,9576
840;12,2574
841;12,1733
842;11,988
843;12,629
844;12,7747
845;12,1854
846;12,1235
847;12,8411
848;12,3966
849;12,4959
850;12,1491
851;12,6119
852;12,6125
853;12,5091
854;12,0428
855;13,164
856;12,7751
857;12,5248
858;12,1062
859;12,8777
860;12,6552
861;12,6185
862;12,3822
863;12,8687
864;12,8808
865;13,2984
866;12,615
867;12,3096
868;13,4172
869;13,1114
870;12,7323
871;12,6315
872;12,8323
873;13,5304
874;12,9049
875;12,94
876;12,6674
877;13,1978
878;13,2676
879;12,969
880;12,5905
881;13,6953
882;13,2662
883;13,4939
884;12,8959
885;12,6671
886;13,6559
887;13,4661
888;13,2265
889;13,152
890;12,677
891;13,8717
892;13,5457
893;13,324
894;13,1369
895;12,9533
896;13,8941
897;13,6362
898;13,1334
899;13,2604
900;12,9805
901;13,7023
902;13,6541
903;13,5789
904;13,2387
905;13,1844
906;13,7935
907;13,8496
908;13,6239
909;13,4607
910;13,2073
911;13,1434
912;13,7709
913;13,8285
914;13,4121
915;13,2789
916;13,3344
917;13,9139
918;13,7432
919;13,8443
920;13,5087
921;13,3524
922;13,9269
923;13,7782
924;13,8866
925;13,7962
926;13,4442
927;13,5867
928;14,0983
929;14,2724
930;13,8409
931;13,7431
932;13,6661
933;13,4452
934;14,4593
935;14,1978
936;14,0425
937;14,2112
938;13,7852
939;13,4602
940;14,426
941;14,3277
942;13,9964
943;14,4632
944;13,9151
945;13,9642
946;13,8957
947;13,8747
948;14,1859
949;14,2535
950;13,9039
951;13,9592
952;13,7026
953;14,4563
954;14,3083
955;14,4195
956;14,2017
957;13,898
958;13,9778
959;13,8078
960;14,2456
961;17,9136
962;11,1793
963;13,7588
964;13,6854
965;14,1252
966;14,5735
967;14,2619
968;14,6512
969;14,5881
970;13,9748
971;14,3857
972;13,8386
973;14,7693
974;14,3464
975;14,4946
976;14,4457
977;14,5582
978;14,0251
979;14,0162
980;14,359
981;14,325
982;14,5657
983;14,6289
984;14,3751
985;14,1687
986;13,8857
987;14,4611
988;14,2807
989;14,6312
990;14,4472
991;14,5447
992;14,2239
993;14,2331
994;14,0695
995;14,3915
996;14,8
997;14,3848
998;14,5537
999;14,228
1000;14,2836
1001;13,9801
1002;14,8151
1003;14,6688
1004;14,5645
1005;14,7351
1006;14,3756
1007;14,4963
1008;13,8847
1009;14,3667
1010;14,8688
1011;14,6299
1012;14,7843
1013;14,6159
1014;14,7669
1015;14,1608
1016;14,1624
1017;14,3394
1018;15,0481
1019;14,6221
1020;14,7968
1021;14,8039
1022;14,3441
1023;14,5247
1024;14,232
1025;14,7302
1026;14,8988
1027;14,3239
1028;15,1671
1029;14,6687
1030;14,5145
1031;14,4927
1032;14,2007
1033;14,5827
1034;15,0469
1035;14,8293
1036;14,7269
1037;14,6663
1038;14,8349
1039;14,4666
1040;14,7709
1041;14,217
1042;14,9018
1043;14,8573
1044;14,7756
1045;14,7926
1046;14,7772
1047;14,7626
1048;14,4992
1049;14,4129
1050;14,5178
1051;15,1117
1052;14,8301
1053;15,0004
1054;14,6262
1055;15,2508
1056;14,8149
1057;14,504
1058;14,1058
1059;15,0849
1060;14,9285
1061;15,0506
1062;14,8799
1063;14,9746
1064;14,8317
1065;14,69
1066;14,6728
1067;14,631
1068;14,3466
1069;15,2487
1070;15,2205
1071;14,8941
1072;14,9579
1073;14,7866
1074;15,0081
1075;14,6807
1076;14,6394
1077;14,5432
1078;14,9003
1079;15,042
1080;15,0856
1081;14,9171
1082;15,1848
1083;14,93
1084;14,9577
1085;14,4653
1086;14,5842
1087;14,9467
1088;14,9802
1089;15,0169
1090;15,1007
1091;15,0051
1092;14,8896
1093;14,7209
1094;14,7057
1095;14,78
1096;14,7434
1097;14,9891
1098;15,0858
1099;14,9339
1100;15,1389
1101;15,0081
1102;14,9771
1103;14,7409
1104;14,7107
1105;14,6845
1106;15,2385
1107;15,1407
1108;15,2407
1109;15,1786
1110;15,0922
1111;15,1209
1112;15,1344
1113;14,4821
1114;14,7239
1115;14,8423
1116;14,9532
1117;15,4965
1118;15,0242
1119;15,0988
1120;14,963
1121;15,1546
1122;14,9006
1123;14,9792
1124;14,7827
1125;14,4848
1126;15,6684
1127;15,0881
1128;15,0547
1129;15,0193
1130;15,1411
1131;15,1885
1132;14,9371
1133;15,1075
1134;14,7258
1135;14,6285
1136;15,0985
1137;15,3857
1138;15,1017
1139;15,2246
1140;15,2162
1141;15,0293
1142;14,9869
1143;15,0925
1144;14,7793
1145;14,9006
1146;14,8145
1147;15,2899
1148;15,0697
1149;15,1631
1150;15,1731
1151;15,3412
1152;15,0662
1153;15,101
1154;14,9134
1155;14,729
1156;14,6783
1157;15,115
1158;15,4766
1159;15,0993
1160;15,2526
1161;15,2499
1162;15,0432
1163;15,1598
1164;14,9822
1165;14,7266
1166;14,582
1167;15,0817
1168;14,9828
1169;14,9927
1170;15,0361
1171;15,3537
1172;15,1198
1173;15,0484
1174;14,8337
1175;15,0551
1176;14,2764
1177;14,9472
1178;15,6706
1179;15,0305
1180;14,9928
1181;14,9978
1182;15,2564
1183;14,8447
1184;14,8229
1185;14,8402
1186;14,6213
1187;14,9636
1188;15,1852
1189;15,1708
1190;15,0314
1191;15,2365
1192;14,9984
1193;15,1009
1194;14,6978
1195;14,7625
1196;14,69
1197;14,9301
1198;14,9588
1199;15,0198
1200;15,2872
1201;14,9243
1202;15,2907
1203;15,097
1204;14,7473
1205;14,8131
1206;14,7916
1207;14,9493
1208;15,3479
1209;14,8922
1210;15,368
1211;15,0732
1212;15,156
1213;14,9906
1214;15,0136
1215;14,6533
1216;14,7279
1217;15,3032
1218;15,2278
1219;15,1117
1220;15,2548
1221;15,1304
1222;15,1605
1223;15,2827
1224;14,8473
1225;14,5989
1226;14,9049
1227;14,8273
1228;15,2156
1229;15,238
1230;15,2032
1231;15,0162
1232;15,0722
1233;15,1579
1234;15,1447
1235;14,9216
1236;14,8054
1237;14,7516
1238;15,0761
1239;14,949
1240;15,1459
1241;15,0673
1242;15,2177
1243;15,1315
1244;14,9184
1245;15,0403
1246;14,4242
1247;14,8677
1248;15,0117
1249;15,0788
1250;15,1239
1251;15,242
1252;15,2892
1253;14,9922
1254;14,7865
1255;14,8403
1256;14,7526
1257;14,5975
1258;15,0224
1259;15,3175
1260;15,0718
1261;15,4174
1262;14,881
1263;15,1001
1264;14,8259
1265;14,6697
1266;14,7643
1267;14,8418
1268;15,328
1269;15,4547
1270;14,9451
1271;15,2561
1272;15,0405
1273;15,156
1274;14,8797
1275;14,8421
1276;14,7603
1277;14,4717
1278;15,0806
1279;15,0708
1280;15,2602
1281;14,9467
1282;15,1661
1283;15,0263
1284;14,7649
1285;14,5478
1286;14,9121
1287;14,8186
1288;15,0189
1289;15,0835
1290;14,9791
1291;15,136
1292;15,1004
1293;15,1063
1294;14,8315
1295;14,7004
1296;14,646
1297;15,4139
1298;15,3819
1299;15,3894
1300;15,2252
1301;15,0329
1302;14,8784
1303;15,2659
1304;14,9505
1305;14,6768
1306;14,5396
1307;14,9162
1308;15,4417
1309;14,9519
1310;14,8149
1311;15,1591
1312;15,1772
1313;15,1776
1314;14,9804
1315;14,99
1316;14,831
1317;14,7019
1318;15,2703
1319;15,2271
1320;15,0374
1321;15,137
1322;15,303
1323;14,9034
1324;15,1286
1325;14,6564
1326;14,8199
1327;14,7679
1328;15,1756
1329;14,9536
1330;15,0813
1331;15,1011
1332;15,1773
1333;15,1973
1334;14,9402
1335;14,885
1336;14,7598
1337;14,3464
1338;15,3801
1339;15,1858
1340;15,0984
1341;15,1658
1342;14,8622
1343;15,3407
1344;14,4733
1345;14,8595
1346;14,4294
1347;15,041
1348;15,1834
1349;15,0179
1350;15,2975
1351;15,0548
1352;15,0136
1353;15,0483
1354;15,0127
1355;14,8039
1356;14,5769
1357;14,6781
1358;14,7307
1359;15,0186
1360;15,003
1361;14,982
1362;15,2915
1363;14,8711
1364;14,977
1365;14,7699
1366;14,4618
1367;15,0617
1368;14,9118
1369;15,0221
1370;15,3414
1371;15,1689
1372;15,1013
1373;14,8495
1374;14,6489
1375;14,4703
1376;15,094
1377;15,1053
1378;15,3076
1379;14,9309
1380;15,1976
1381;15,1875
1382;14,9639
1383;14,9157
1384;14,9845
1385;14,5339
1386;14,7
1387;15,3686
1388;14,9155
1389;15,2814
1390;14,9724
1391;15,4342
1392;15,2046
1393;14,7967
1394;14,7115
1395;14,711
1396;14,9083
1397;15,1833
1398;15,2523
1399;15,2434
1400;14,9477
1401;15,1626
1402;15,2629
1403;15,1083
1404;14,7319
1405;14,727
1406;14,8221
1407;15,126
1408;15,0161
1409;15,1183
1410;15,0907
1411;14,9533
1412;15,22
1413;15,2143
1414;14,8018
1415;14,7592
1416;14,9599
1417;15,1306
1418;14,9431
1419;15,0268
1420;15,2605
1421;15,0262
1422;15,1726
1423;14,9871
1424;14,7927
1425;14,7186
1426;14,5753
1427;15,2173
1428;14,9392
1429;15,0383
1430;15,0961
1431;15,0981
1432;15,0615
1433;15,0748
1434;14,8818
1435;14,7501
1436;14,5936
1437;15,1538
1438;14,9915
1439;15,0699
1440;15,0267
1441;15,0259
1442;14,9305
1443;14,9088
1444;14,7536
1445;14,3401
1446;15,0692
1447;15,2887
1448;15,1548
1449;14,8873
1450;15,1258
1451;15,1052
1452;14,9192
1453;14,5489
1454;15,0733
1455;14,4185
1456;15,4351
1457;14,8767
1458;15,3595
1459;14,9925
1460;15,2287
1461;15,1075
1462;15,2849
1463;14,6258
1464;14,8312
1465;14,6139
1466;15,1779
1467;15,2494
1468;15,0281
1469;15,2353
1470;14,6869
1471;15,1132
1472;15,4752
1473;14,6808
1474;14,6606
1475;14,8474
1476;15,187
1477;15,0205
1478;14,9749
1479;15,2147
1480;15,1964
1481;15,1238
1482;15,2634
1483;14,8963
1484;14,6567
1485;14,6181
1486;15,0769
1487;15
1488;15,0686
1489;15,0223
1490;15,3456
1491;15,0149
1492;15,0286
1493;14,6315
1494;14,7672
1495;14,5637
1496;14,9723
1497;15,2371
1498;14,9725
1499;15,0587
1500;15,1835
1501;15,1529
1502;15,1608
1503;14,704
1504;14,8293
1505;14,5008
1506;14,9087
1507;15,016
1508;14,9799
1509;15,1616
1510;15,1171
1511;15,2662
1512;14,87
1513;14,6419
1514;14,9481
1515;14,6183
1516;15,0679
1517;15,2192
1518;15,0576
1519;15,0426
1520;14,9162
1521;15,1673
1522;14,9347
1523;14,7669
1524;14,4803
1525;15,0018
1526;15,236
1527;14,9312
1528;14,9908
1529;14,976
1530;15,5309
1531;15,1465
1532;15,0962
1533;14,6346
1534;14,4713
1535;14,759
1536;14,9827
1537;15,1548
1538;14,9457
1539;15,2519
1540;14,9272
1541;14,9348
1542;14,8063
1543;14,8022
1544;14,4928
1545;15,0461
1546;15,0395
1547;14,9894
1548;15,3039
1549;14,9392
1550;15,1978
1551;15,0996
1552;14,7838
1553;14,7894
1554;14,4971
1555;15,5085
1556;15,3025
1557;15,0059
1558;15,2679
1559;15,0041
1560;15,1395
1561;14,8427
1562;14,8869
1563;14,8322
1564;14,7086
1565;15,0369
1566;14,8558
1567;15,3488
1568;14,8928
1569;14,9237
1570;15,1997
1571;15,1247
1572;14,7672
1573;14,4435
1574;15,1567
1575;15,0043
1576;15,5056
1577;15,0624
1578;15,0627
1579;15,0963
1580;15,0126
1581;15,0221
1582;14,7244
1583;14,7587
1584;14,5427
1585;14,7194
1586;15,3068
1587;15,0015
1588;15,2973
1589;15,109
1590;14,8951
1591;15,0803
1592;14,7976
1593;14,8054
1594;14,6112
1595;14,9899
1596;15,0592
1597;14,9486
1598;15,1688
1599;15,3603
1600;14,8894
1601;14,8836
1602;14,6312
1603;14,4532
1604;14,9925
1605;15,1658
1606;15,1031
1607;15,0356
1608;14,9653
1609;15,2
1610;14,8615
1611;14,7258
1612;14,8312
1613;14,7546
1614;15,357
1615;14,8397
1616;15,4145
1617;14,7986
1618;15,1947
1619;14,9394
1620;15,1115
1621;14,8187
1622;14,7923
1623;14,6023
1624;15,0966
1625;15,0845
1626;15,0784
1627;15,1474
1628;15,0543
1629;15,1287
1630;15,0984
1631;14,7352
1632;14,7517
1633;14,6044
1634;14,8722
1635;15,333
1636;14,7851
1637;15,2799
1638;15,303
1639;15,2263
1640;14,9998
1641;14,8481
1642;14,5929
1643;14,9352
1644;15,0399
1645;15,1324
1646;15,0535
1647;15,0458
1648;14,9697
1649;15,1429
1650;15,1558
1651;14,9437
1652;14,5704
1653;14,5686
1654;15,337
1655;15,0036
1656;15,1016
1657;14,8741
1658;15,4454
1659;14,7333
1660;15,0545
1661;14,8716
1662;14,5137
1663;14,8357
1664;15,2635
1665;15,2976
1666;14,9083
1667;15,0686
1668;15,1287
1669;14,9192
1670;14,6248
1671;14,8856
1672;14,2944
1673;14,7334
1674;15,2494
1675;14,9879
1676;15,0993
1677;15,1076
1678;14,9539
1679;15,0728
1680;18,3897
1681;11,1301
1682;14,3667
1683;14,7408
1684;14,9375
1685;15,1964
1686;15,1803
1687;14,8723
1688;14,7437
1689;14,7393
1690;14,486
1691;14,6853
1692;15,0671
1693;15,0713
1694;14,9371
1695;15,1007
1696;15,0585
1697;15,017
1698;14,8233
1699;14,8212
1700;14,5097
1701;14,6577
1702;15,0208
1703;14,9612
1704;15,2019
1705;14,9853
1706;15,049
1707;14,9721
1708;14,3767
1709;14,9021
1710;14,5961
1711;14,9155
1712;15,1149
1713;15,139
1714;15,2513
1715;15,0487
1716;15,2087
1717;14,807
1718;14,8751
1719;14,6847
1720;15,0056
1721;15,2887
1722;15,0065
1723;15,2303
1724;15,083
1725;15,1243
1726;15,3162
1727;15,2226
1728;14,9327
1729;14,7434
1730;14,8522
1731;14,9686
1732;15,0623
1733;15,3767
1734;15,2253
1735;15,3829
1736;15,0827
1737;15,1346
1738;14,8543
1739;14,7339
1740;14,7426
1741;14,898
1742;15,0948
1743;15,0269
1744;15,1839
1745;15,5198
1746;15,1181
1747;15,1692
1748;14,9868
1749;14,8499
1750;14,5153
1751;14,802
1752;15,1217
1753;15,2026
1754;15,2676
1755;15,2402
1756;15,2742
1757;14,7551
1758;15,0609
1759;14,9298
1760;14,463
1761;15,2778
1762;14,8988
1763;15,3981
1764;14,7843
1765;15,0454
1766;15,0631
1767;15,1428
1768;14,6825
1769;14,6625
1770;14,6985
1771;15,1519
1772;15,2633
1773;15,0138
1774;14,8882
1775;15,0093
1776;15,1111
1777;15,2465
1778;14,725
1779;14,9116
1780;14,5096
1781;14,7748
1782;15,0748
1783;14,8297
1784;15,2299
1785;14,9643
1786;15,0403
1787;14,9129
1788;14,9654
1789;14,703
1790;14,4334
1791;15,2943
1792;14,8443
1793;15,1956
1794;15,1045
1795;15,0135
1796;15,2358
1797;15,0065
1798;14,903
1799;14,7514
1800;14,8439
1801;14,9145
1802;15,4121
1803;14,9997
1804;15,3821
1805;15,2214
1806;15,124
1807;15,0958
1808;14,5441
1809;15,1355
1810;14,6776
1811;15,2243
1812;15,3275
1813;15,135
1814;15,0012
1815;15,1173
1816;15,0573
1817;15,0509
1818;14,8708
1819;14,8393
1820;14,452
1821;14,9863
1822;14,984
1823;15,133
1824;15,3391
1825;15,1176
1826;15,1772
1827;14,9711
1828;14,7295
1829;14,8553
1830;14,6057
1831;15,0533
1832;14,7979
1833;15,2443
1834;14,9848
1835;15,1915
1836;14,937
1837;15,1618
1838;14,7342
1839;14,8088
1840;14,8413
1841;14,541
1842;15,0893
1843;15,0495
1844;15,1993
1845;14,9675
1846;15,2551
1847;14,9796
1848;14,6499
1849;14,4781
1850;14,761
1851;15,036
1852;15,1722
1853;15,0084
1854;15,2017
1855;14,8974
1856;15,0661
1857;14,8882
1858;14,5952
1859;14,5986
1860;15,0456
1861;15,3974
1862;14,9202
1863;15,1682
1864;15,0802
1865;14,8817
1866;15,3323
1867;14,7418
1868;15,1283
1869;14,1431
1870;15,0801
1871;15,2454
1872;15,0025
1873;15,0064
1874;15,1174
1875;15,2241
1876;14,9617
1877;14,8174
1878;14,7309
1879;14,7825
1880;14,8248
1881;15,1278
1882;15,2183
1883;15,1378
1884;15,1818
1885;15,307
1886;15,0724
1887;14,6824
1888;14,9593
1889;14,6965
1890;15,356
1891;15,3668
1892;15,0953
1893;15,0021
1894;15,2214
1895;14,9581
1896;15,2961
1897;14,6025
1898;14,889
1899;14,6528
1900;15,009
1901;15,2107
1902;15,0103
1903;15,0787
1904;15,2745
1905;15,0698
1906;15,1312
1907;14,7262
1908;14,501
1909;14,8223
1910;15,1403
1911;15,1902
1912;15,0743
1913;14,8631
1914;15,1896
1915;14,7819
1916;14,9612
1917;15,1605
1918;14,5863
1919;14,7054
1920;14,8905
1921;15,1134
1922;15,0725
1923;15,2135
1924;15,087
1925;15,0624
1926;15,0367
1927;14,6631
1928;14,8893
1929;14,3908
1930;15,4926
1931;15,2244
1932;14,83
1933;15,0584
1934;14,9692
1935;15,1833
1936;14,9355
1937;14,7114
1938;14,8898
1939;14,4701
1940;15,346
1941;15,2968
1942;15,1074
1943;15,105
1944;15,0412
1945;15,1494
1946;14,6841
1947;14,8818
1948;14,4338
1949;14,8916
1950;14,9333
1951;15,0955
1952;15,1383
1953;15,0428
1954;14,905
1955;15,0401
1956;14,9579
1957;14,6372
1958;14,5964
1959;15,1821
1960;14,7857
1961;15,035
1962;15,0185
1963;15,1694
1964;15,3268
1965;14,7457
1966;14,7159
1967;14,8513
1968;14,7633
1969;14,8009
1970;14,8932
1971;15,078
1972;15,239
1973;15,1616
1974;15,0549
1975;15,1284
1976;14,7691
1977;14,8732
1978;14,5952
1979;15,0891
1980;15,0685
1981;14,9304
1982;15,0441
1983;15,1472
1984;14,9834
1985;14,6356
1986;15,0331
1987;14,6175
1988;14,8057
1989;14,9528
1990;14,9624
1991;15,0596
1992;15,1538
1993;15,4316
1994;15,2777
1995;14,6637
1996;14,7372
1997;14,5695
1998;14,9189
1999;14,806
Average;11,63069
